timestamp,pH,turbidez_NTU,temperatura_C
2025-04-27 21:57:02.727709-03:00,7.151,6.38,21.07
2025-04-27 22:12:02.727709-03:00,7.244,5.7,20.94
2025-04-27 22:27:02.727709-03:00,7.232,5.99,21.48
2025-04-27 22:42:02.727709-03:00,7.227,6.62,21.26
2025-04-27 22:57:02.727709-03:00,7.236,6.43,21.35
2025-04-27 23:12:02.727709-03:00,7.05,5.01,21.6
2025-04-27 23:27:02.727709-03:00,7.244,5.98,21.92
2025-04-27 23:42:02.727709-03:00,7.29,5.42,21.73
2025-04-27 23:57:02.727709-03:00,7.222,5.45,22.18
2025-04-28 00:12:02.727709-03:00,7.21,5.71,22.39
2025-04-28 00:27:02.727709-03:00,7.235,5.57,22.43
2025-04-28 00:42:02.727709-03:00,7.217,6.23,22.69
2025-04-28 00:57:02.727709-03:00,7.233,5.88,22.75
2025-04-28 01:12:02.727709-03:00,7.2,5.56,22.92
2025-04-28 01:27:02.727709-03:00,7.162,5.72,23.06
2025-04-28 01:42:02.727709-03:00,7.15,5.67,22.9
2025-04-28 01:57:02.727709-03:00,7.15,6.25,22.89
2025-04-28 02:12:02.727709-03:00,7.131,5.4,22.64
2025-04-28 02:27:02.727709-03:00,7.147,5.66,22.93
2025-04-28 02:42:02.727709-03:00,7.288,5.07,23.21
2025-04-28 02:57:02.727709-03:00,7.238,4.22,23.32
2025-04-28 03:12:02.727709-03:00,7.169,5.83,23.46
2025-04-28 03:27:02.727709-03:00,7.18,5.93,23.37
2025-04-28 03:42:02.727709-03:00,7.206,5.13,23.33
2025-04-28 03:57:02.727709-03:00,7.167,6.63,23.69
2025-04-28 04:12:02.727709-03:00,7.203,4.77,23.74
2025-04-28 04:27:02.727709-03:00,7.239,5.52,23.68
2025-04-28 04:42:02.727709-03:00,7.198,5.41,23.74
2025-04-28 04:57:02.727709-03:00,7.217,6.27,23.74
2025-04-28 05:12:02.727709-03:00,7.244,6.23,23.88
2025-04-28 05:27:02.727709-03:00,7.186,5.58,23.81
2025-04-28 05:42:02.727709-03:00,7.214,5.69,24.25
2025-04-28 05:57:02.727709-03:00,7.185,5.06,24.05
2025-04-28 06:12:02.727709-03:00,7.199,4.51,23.8
2025-04-28 06:27:02.727709-03:00,7.184,5.33,23.93
2025-04-28 06:42:02.727709-03:00,7.174,5.58,23.73
2025-04-28 06:57:02.727709-03:00,7.209,6.12,24.14
2025-04-28 07:12:02.727709-03:00,7.228,6.1,24.18
2025-04-28 07:27:02.727709-03:00,7.207,5.31,24.11
2025-04-28 07:42:02.727709-03:00,7.225,5.35,23.58
2025-04-28 07:57:02.727709-03:00,7.163,4.98,23.73
2025-04-28 08:12:02.727709-03:00,7.14,4.79,23.6
2025-04-28 08:27:02.727709-03:00,7.221,4.65,23.71
2025-04-28 08:42:02.727709-03:00,7.234,6.48,23.32
2025-04-28 08:57:02.727709-03:00,7.202,5.25,23.3
2025-04-28 09:12:02.727709-03:00,7.267,5.28,23.26
2025-04-28 09:27:02.727709-03:00,7.245,4.87,23.27
2025-04-28 09:42:02.727709-03:00,7.334,5.89,23.27
2025-04-28 09:57:02.727709-03:00,7.19,4.69,22.96
2025-04-28 10:12:02.727709-03:00,7.15,5.39,23.04
2025-04-28 10:27:02.727709-03:00,7.163,5.05,22.95
2025-04-28 10:42:02.727709-03:00,7.172,5.69,22.62
2025-04-28 10:57:02.727709-03:00,7.224,5.24,22.29
2025-04-28 11:12:02.727709-03:00,7.092,4.91,22.18
2025-04-28 11:27:02.727709-03:00,7.266,5.49,22.41
2025-04-28 11:42:02.727709-03:00,7.188,5.71,22.06
2025-04-28 11:57:02.727709-03:00,7.188,5.53,21.68
2025-04-28 12:12:02.727709-03:00,7.146,5.65,22.02
2025-04-28 12:27:02.727709-03:00,7.194,5.18,21.79
2025-04-28 12:42:02.727709-03:00,7.201,5.32,21.35
2025-04-28 12:57:02.727709-03:00,7.194,5.16,21.74
2025-04-28 13:12:02.727709-03:00,7.217,5.32,21.55
2025-04-28 13:27:02.727709-03:00,7.171,5.09,21.29
2025-04-28 13:42:02.727709-03:00,7.155,4.64,20.88
2025-04-28 13:57:02.727709-03:00,7.227,5.59,20.74
2025-04-28 14:12:02.727709-03:00,7.205,5.3,20.85
2025-04-28 14:27:02.727709-03:00,7.21,4.68,20.46
2025-04-28 14:42:02.727709-03:00,7.253,5.73,20.78
2025-04-28 14:57:02.727709-03:00,7.149,5.05,20.32
2025-04-28 15:12:02.727709-03:00,7.157,5.53,20.55
2025-04-28 15:27:02.727709-03:00,7.263,5.86,20.37
2025-04-28 15:42:02.727709-03:00,7.126,5.56,20.49
2025-04-28 15:57:02.727709-03:00,7.135,6.07,20.09
2025-04-28 16:12:02.727709-03:00,7.241,4.88,20.27
2025-04-28 16:27:02.727709-03:00,7.212,5.7,19.88
2025-04-28 16:42:02.727709-03:00,7.205,5.16,20.27
2025-04-28 16:57:02.727709-03:00,7.195,5.06,20.05
2025-04-28 17:12:02.727709-03:00,7.202,5.21,20.14
2025-04-28 17:27:02.727709-03:00,7.195,5.34,19.76
2025-04-28 17:42:02.727709-03:00,7.268,5.53,20.11
2025-04-28 17:57:02.727709-03:00,7.18,4.92,20.06
2025-04-28 18:12:02.727709-03:00,7.192,5.95,20.08
2025-04-28 18:27:02.727709-03:00,7.29,5.73,20.08
2025-04-28 18:42:02.727709-03:00,7.201,4.73,19.99
2025-04-28 18:57:02.727709-03:00,7.312,6.24,20.31
2025-04-28 19:12:02.727709-03:00,7.195,6.45,20.07
2025-04-28 19:27:02.727709-03:00,7.268,6.09,19.99
2025-04-28 19:42:02.727709-03:00,7.117,5.41,20.18
2025-04-28 19:57:02.727709-03:00,7.208,4.96,20.06
2025-04-28 20:12:02.727709-03:00,7.121,6.03,20.23
2025-04-28 20:27:02.727709-03:00,7.242,5.3,20.36
2025-04-28 20:42:02.727709-03:00,7.139,6.11,20.4
2025-04-28 20:57:02.727709-03:00,7.214,5.6,20.61
2025-04-28 21:12:02.727709-03:00,7.186,5.99,21.05
2025-04-28 21:27:02.727709-03:00,7.142,5.68,20.88
2025-04-28 21:42:02.727709-03:00,7.119,5.85,21.08
2025-04-28 21:57:02.727709-03:00,7.174,4.01,20.88
2025-04-28 22:12:02.727709-03:00,7.287,4.89,20.97
2025-04-28 22:27:02.727709-03:00,7.185,4.06,21.13
2025-04-28 22:42:02.727709-03:00,7.246,4.2,21.5
2025-04-28 22:57:02.727709-03:00,7.197,4.94,21.03
2025-04-28 23:12:02.727709-03:00,7.244,3.33,21.38
2025-04-28 23:27:02.727709-03:00,7.109,3.36,21.73
2025-04-28 23:42:02.727709-03:00,7.18,4.48,21.8
2025-04-28 23:57:02.727709-03:00,7.247,3.41,22.37
2025-04-29 00:12:02.727709-03:00,7.192,4.97,22.19
2025-04-29 00:27:02.727709-03:00,7.196,3.79,22.1
2025-04-29 00:42:02.727709-03:00,7.178,3.63,22.05
2025-04-29 00:57:02.727709-03:00,7.257,4.96,22.42
2025-04-29 01:12:02.727709-03:00,7.215,4.74,22.36
2025-04-29 01:27:02.727709-03:00,7.202,4.93,22.83
2025-04-29 01:42:02.727709-03:00,7.232,4.45,22.89
2025-04-29 01:57:02.727709-03:00,7.229,3.57,23.04
2025-04-29 02:12:02.727709-03:00,7.211,4.96,23.51
2025-04-29 02:27:02.727709-03:00,7.277,3.87,23.02
2025-04-29 02:42:02.727709-03:00,7.197,4.4,23.26
2025-04-29 02:57:02.727709-03:00,7.214,4.47,23.15
2025-04-29 03:12:02.727709-03:00,7.168,3.92,23.47
2025-04-29 03:27:02.727709-03:00,7.208,4.31,23.89
2025-04-29 03:42:02.727709-03:00,7.279,4.46,23.76
2025-04-29 03:57:02.727709-03:00,7.168,4.19,23.7
2025-04-29 04:12:02.727709-03:00,7.143,3.45,23.83
2025-04-29 04:27:02.727709-03:00,7.25,4.15,23.6
2025-04-29 04:42:02.727709-03:00,7.193,4.66,23.81
2025-04-29 04:57:02.727709-03:00,7.205,3.65,23.94
2025-04-29 05:12:02.727709-03:00,7.198,3.93,23.98
2025-04-29 05:27:02.727709-03:00,7.204,3.78,23.67
2025-04-29 05:42:02.727709-03:00,7.243,4.92,24.06
2025-04-29 05:57:02.727709-03:00,7.158,4.34,24.06
2025-04-29 06:12:02.727709-03:00,7.149,4.2,23.92
2025-04-29 06:27:02.727709-03:00,7.204,3.62,23.99
2025-04-29 06:42:02.727709-03:00,7.12,4.27,23.67
2025-04-29 06:57:02.727709-03:00,7.131,3.66,23.64
2025-04-29 07:12:02.727709-03:00,7.293,4.02,23.93
2025-04-29 07:27:02.727709-03:00,7.238,3.68,23.72
2025-04-29 07:42:02.727709-03:00,7.199,4.34,23.8
2025-04-29 07:57:02.727709-03:00,7.262,4.29,23.91
2025-04-29 08:12:02.727709-03:00,7.148,3.9,23.64
2025-04-29 08:27:02.727709-03:00,7.184,4.2,23.04
2025-04-29 08:42:02.727709-03:00,7.231,3.45,23.49
2025-04-29 08:57:02.727709-03:00,7.245,3.25,23.34
2025-04-29 09:12:02.727709-03:00,7.226,4.22,23.29
2025-04-29 09:27:02.727709-03:00,7.073,4.08,23.42
2025-04-29 09:42:02.727709-03:00,7.152,4.32,22.82
2025-04-29 09:57:02.727709-03:00,7.224,5.19,23.07
2025-04-29 10:12:02.727709-03:00,7.182,4.47,23.22
2025-04-29 10:27:02.727709-03:00,7.327,3.54,22.66
2025-04-29 10:42:02.727709-03:00,7.246,4.56,22.76
2025-04-29 10:57:02.727709-03:00,7.228,3.34,22.74
2025-04-29 11:12:02.727709-03:00,7.144,3.77,22.46
2025-04-29 11:27:02.727709-03:00,7.198,3.97,22.15
2025-04-29 11:42:02.727709-03:00,7.212,4.86,22.02
2025-04-29 11:57:02.727709-03:00,7.256,3.63,22.17
2025-04-29 12:12:02.727709-03:00,7.244,3.59,22.01
2025-04-29 12:27:02.727709-03:00,7.252,3.95,21.61
2025-04-29 12:42:02.727709-03:00,7.154,3.67,21.4
2025-04-29 12:57:02.727709-03:00,7.271,4.56,21.25
2025-04-29 13:12:02.727709-03:00,7.131,3.46,21.71
2025-04-29 13:27:02.727709-03:00,7.173,3.43,21.25
2025-04-29 13:42:02.727709-03:00,7.222,3.78,21.61
2025-04-29 13:57:02.727709-03:00,7.193,3.75,21.13
2025-04-29 14:12:02.727709-03:00,7.15,4.96,21.0
2025-04-29 14:27:02.727709-03:00,7.159,4.47,20.86
2025-04-29 14:42:02.727709-03:00,7.123,4.04,20.9
2025-04-29 14:57:02.727709-03:00,7.227,3.39,20.41
2025-04-29 15:12:02.727709-03:00,7.263,4.42,20.95
2025-04-29 15:27:02.727709-03:00,7.195,3.5,20.41
2025-04-29 15:42:02.727709-03:00,7.18,3.23,20.21
2025-04-29 15:57:02.727709-03:00,7.126,4.59,20.34
2025-04-29 16:12:02.727709-03:00,7.246,4.16,20.44
2025-04-29 16:27:02.727709-03:00,7.311,4.46,19.96
2025-04-29 16:42:02.727709-03:00,7.11,4.16,20.23
2025-04-29 16:57:02.727709-03:00,7.147,4.43,19.93
2025-04-29 17:12:02.727709-03:00,7.166,3.67,19.94
2025-04-29 17:27:02.727709-03:00,7.172,3.48,19.92
2025-04-29 17:42:02.727709-03:00,7.211,4.34,20.16
2025-04-29 17:57:02.727709-03:00,7.281,3.6,19.78
2025-04-29 18:12:02.727709-03:00,7.25,3.66,20.04
2025-04-29 18:27:02.727709-03:00,7.226,3.77,19.95
2025-04-29 18:42:02.727709-03:00,7.164,4.01,19.86
2025-04-29 18:57:02.727709-03:00,7.144,3.82,19.82
2025-04-29 19:12:02.727709-03:00,7.16,3.31,19.86
2025-04-29 19:27:02.727709-03:00,7.277,3.68,19.82
2025-04-29 19:42:02.727709-03:00,7.197,2.89,20.37
2025-04-29 19:57:02.727709-03:00,7.178,4.31,20.21
2025-04-29 20:12:02.727709-03:00,7.191,3.2,20.35
2025-04-29 20:27:02.727709-03:00,7.241,3.45,20.63
2025-04-29 20:42:02.727709-03:00,7.134,4.03,20.24
2025-04-29 20:57:02.727709-03:00,7.271,3.63,20.38
2025-04-29 21:12:02.727709-03:00,7.208,4.77,20.71
2025-04-29 21:27:02.727709-03:00,7.189,3.35,20.4
2025-04-29 21:42:02.727709-03:00,7.222,4.13,20.75
2025-04-29 21:57:02.727709-03:00,7.211,3.98,20.79
2025-04-29 22:12:02.727709-03:00,7.183,3.42,21.16
2025-04-29 22:27:02.727709-03:00,7.187,4.26,21.13
2025-04-29 22:42:02.727709-03:00,7.157,3.91,21.73
2025-04-29 22:57:02.727709-03:00,7.233,4.39,21.64
2025-04-29 23:12:02.727709-03:00,7.173,4.41,21.41
2025-04-29 23:27:02.727709-03:00,7.152,5.08,21.64
2025-04-29 23:42:02.727709-03:00,7.208,4.67,21.77
2025-04-29 23:57:02.727709-03:00,7.266,3.82,22.64
2025-04-30 00:12:02.727709-03:00,7.198,3.88,21.8
2025-04-30 00:27:02.727709-03:00,7.17,4.55,22.28
2025-04-30 00:42:02.727709-03:00,7.22,4.33,21.95
2025-04-30 00:57:02.727709-03:00,7.297,4.32,22.49
2025-04-30 01:12:02.727709-03:00,7.127,3.19,23.0
2025-04-30 01:27:02.727709-03:00,7.219,3.99,22.66
2025-04-30 01:42:02.727709-03:00,7.21,3.63,23.08
2025-04-30 01:57:02.727709-03:00,7.258,4.14,22.96
2025-04-30 02:12:02.727709-03:00,7.25,3.95,23.0
2025-04-30 02:27:02.727709-03:00,7.191,4.46,23.15
2025-04-30 02:42:02.727709-03:00,7.116,4.16,23.18
2025-04-30 02:57:02.727709-03:00,7.24,4.39,23.27
2025-04-30 03:12:02.727709-03:00,7.158,3.77,23.22
2025-04-30 03:27:02.727709-03:00,7.153,3.53,23.87
2025-04-30 03:42:02.727709-03:00,7.257,3.79,23.57
2025-04-30 03:57:02.727709-03:00,7.154,3.99,23.78
2025-04-30 04:12:02.727709-03:00,7.27,4.19,23.61
2025-04-30 04:27:02.727709-03:00,7.217,5.13,24.06
2025-04-30 04:42:02.727709-03:00,7.216,3.98,23.83
2025-04-30 04:57:02.727709-03:00,7.215,3.52,23.91
2025-04-30 05:12:02.727709-03:00,7.118,3.83,23.59
2025-04-30 05:27:02.727709-03:00,7.111,3.77,24.06
2025-04-30 05:42:02.727709-03:00,7.211,4.24,24.36
2025-04-30 05:57:02.727709-03:00,7.228,3.23,23.83
2025-04-30 06:12:02.727709-03:00,7.204,4.03,23.91
2025-04-30 06:27:02.727709-03:00,7.159,4.08,23.76
2025-04-30 06:42:02.727709-03:00,7.201,4.12,23.99
2025-04-30 06:57:02.727709-03:00,7.196,3.7,23.95
2025-04-30 07:12:02.727709-03:00,7.152,3.88,24.04
2025-04-30 07:27:02.727709-03:00,7.251,3.29,23.97
2025-04-30 07:42:02.727709-03:00,7.113,3.75,23.64
2025-04-30 07:57:02.727709-03:00,7.229,3.73,23.79
2025-04-30 08:12:02.727709-03:00,7.219,4.21,23.61
2025-04-30 08:27:02.727709-03:00,7.25,3.42,23.38
2025-04-30 08:42:02.727709-03:00,7.15,4.39,23.5
2025-04-30 08:57:02.727709-03:00,7.205,4.75,24.19
2025-04-30 09:12:02.727709-03:00,7.309,2.97,23.8
2025-04-30 09:27:02.727709-03:00,7.233,4.21,23.27
2025-04-30 09:42:02.727709-03:00,7.205,4.34,23.48
2025-04-30 09:57:02.727709-03:00,7.227,3.68,23.01
2025-04-30 10:12:02.727709-03:00,7.204,3.8,22.9
2025-04-30 10:27:02.727709-03:00,7.31,3.93,22.4
2025-04-30 10:42:02.727709-03:00,7.249,3.85,22.48
2025-04-30 10:57:02.727709-03:00,7.196,3.85,22.39
2025-04-30 11:12:02.727709-03:00,7.213,3.16,22.44
2025-04-30 11:27:02.727709-03:00,7.18,4.58,22.29
2025-04-30 11:42:02.727709-03:00,7.26,4.54,22.04
2025-04-30 11:57:02.727709-03:00,7.13,3.59,21.91
2025-04-30 12:12:02.727709-03:00,7.12,3.27,21.86
2025-04-30 12:27:02.727709-03:00,7.273,4.26,21.49
2025-04-30 12:42:02.727709-03:00,7.308,3.71,21.51
2025-04-30 12:57:02.727709-03:00,7.223,4.07,21.43
2025-04-30 13:12:02.727709-03:00,7.206,3.84,21.13
2025-04-30 13:27:02.727709-03:00,7.233,4.35,21.19
2025-04-30 13:42:02.727709-03:00,7.168,4.35,20.97
2025-04-30 13:57:02.727709-03:00,7.209,3.64,21.27
2025-04-30 14:12:02.727709-03:00,7.202,3.31,20.86
2025-04-30 14:27:02.727709-03:00,7.231,3.21,20.77
2025-04-30 14:42:02.727709-03:00,7.122,4.31,20.79
2025-04-30 14:57:02.727709-03:00,7.175,3.41,20.72
2025-04-30 15:12:02.727709-03:00,7.242,3.75,20.17
2025-04-30 15:27:02.727709-03:00,7.166,3.7,20.35
2025-04-30 15:42:02.727709-03:00,7.15,3.97,20.17
2025-04-30 15:57:02.727709-03:00,7.302,3.03,20.25
2025-04-30 16:12:02.727709-03:00,7.202,4.09,20.11
2025-04-30 16:27:02.727709-03:00,7.171,4.26,20.19
2025-04-30 16:42:02.727709-03:00,7.115,4.04,19.92
2025-04-30 16:57:02.727709-03:00,7.236,3.84,19.96
2025-04-30 17:12:02.727709-03:00,7.235,4.05,19.93
2025-04-30 17:27:02.727709-03:00,7.185,4.2,20.24
2025-04-30 17:42:02.727709-03:00,7.145,2.61,20.08
2025-04-30 17:57:02.727709-03:00,7.199,4.98,20.07
2025-04-30 18:12:02.727709-03:00,7.158,4.2,19.95
2025-04-30 18:27:02.727709-03:00,7.153,3.67,19.94
2025-04-30 18:42:02.727709-03:00,7.195,3.8,20.15
2025-04-30 18:57:02.727709-03:00,7.147,4.25,20.22
2025-04-30 19:12:02.727709-03:00,7.212,3.94,20.1
2025-04-30 19:27:02.727709-03:00,7.23,2.98,20.37
2025-04-30 19:42:02.727709-03:00,7.158,5.03,20.45
2025-04-30 19:57:02.727709-03:00,7.132,3.94,19.92
2025-04-30 20:12:02.727709-03:00,7.278,4.51,20.41
2025-04-30 20:27:02.727709-03:00,7.153,3.65,20.39
2025-04-30 20:42:02.727709-03:00,7.167,4.77,20.56
2025-04-30 20:57:02.727709-03:00,7.211,4.14,20.79
2025-04-30 21:12:02.727709-03:00,7.23,4.3,20.48
2025-04-30 21:27:02.727709-03:00,7.187,3.48,20.44
2025-04-30 21:42:02.727709-03:00,7.223,4.61,21.09
2025-04-30 21:57:02.727709-03:00,7.18,4.34,20.78
2025-04-30 22:12:02.727709-03:00,7.151,4.65,20.95
2025-04-30 22:27:02.727709-03:00,7.271,3.69,21.25
2025-04-30 22:42:02.727709-03:00,7.324,3.76,21.2
2025-04-30 22:57:02.727709-03:00,7.285,5.15,21.14
2025-04-30 23:12:02.727709-03:00,7.207,3.47,21.59
2025-04-30 23:27:02.727709-03:00,7.292,3.93,21.56
2025-04-30 23:42:02.727709-03:00,7.218,4.57,21.96
2025-04-30 23:57:02.727709-03:00,7.176,4.05,21.87
2025-05-01 00:12:02.727709-03:00,7.223,4.29,21.97
2025-05-01 00:27:02.727709-03:00,7.195,3.8,22.19
2025-05-01 00:42:02.727709-03:00,7.151,4.19,22.57
2025-05-01 00:57:02.727709-03:00,7.155,3.35,22.67
2025-05-01 01:12:02.727709-03:00,7.24,4.83,22.4
2025-05-01 01:27:02.727709-03:00,7.108,3.94,23.3
2025-05-01 01:42:02.727709-03:00,7.23,3.66,22.8
2025-05-01 01:57:02.727709-03:00,7.119,4.33,22.75
2025-05-01 02:12:02.727709-03:00,7.094,3.77,23.27
2025-05-01 02:27:02.727709-03:00,7.108,3.33,23.12
2025-05-01 02:42:02.727709-03:00,7.298,3.33,23.73
2025-05-01 02:57:02.727709-03:00,7.19,4.35,23.57
2025-05-01 03:12:02.727709-03:00,7.204,3.92,23.45
2025-05-01 03:27:02.727709-03:00,7.271,3.93,23.89
2025-05-01 03:42:02.727709-03:00,7.247,4.54,23.82
2025-05-01 03:57:02.727709-03:00,7.13,3.44,23.47
2025-05-01 04:12:02.727709-03:00,7.243,3.63,23.96
2025-05-01 04:27:02.727709-03:00,7.209,3.81,23.73
2025-05-01 04:42:02.727709-03:00,7.183,4.05,23.87
2025-05-01 04:57:02.727709-03:00,7.201,3.98,23.95
2025-05-01 05:12:02.727709-03:00,7.264,3.86,23.78
2025-05-01 05:27:02.727709-03:00,7.156,3.97,23.71
2025-05-01 05:42:02.727709-03:00,7.22,3.95,24.07
2025-05-01 05:57:02.727709-03:00,7.2,3.64,23.72
2025-05-01 06:12:02.727709-03:00,7.11,3.59,23.48
2025-05-01 06:27:02.727709-03:00,7.16,4.14,23.82
2025-05-01 06:42:02.727709-03:00,7.21,3.55,24.03
2025-05-01 06:57:02.727709-03:00,7.265,3.42,23.88
2025-05-01 07:12:02.727709-03:00,7.25,3.84,24.16
2025-05-01 07:27:02.727709-03:00,7.23,3.92,23.89
2025-05-01 07:42:02.727709-03:00,7.159,5.13,23.65
2025-05-01 07:57:02.727709-03:00,7.29,3.65,23.66
2025-05-01 08:12:02.727709-03:00,7.211,4.47,23.39
2025-05-01 08:27:02.727709-03:00,7.15,4.37,23.82
2025-05-01 08:42:02.727709-03:00,7.191,3.41,23.24
2025-05-01 08:57:02.727709-03:00,7.245,4.39,23.25
2025-05-01 09:12:02.727709-03:00,7.2,3.41,23.31
2025-05-01 09:27:02.727709-03:00,7.244,2.67,23.24
2025-05-01 09:42:02.727709-03:00,7.255,4.3,22.83
2025-05-01 09:57:02.727709-03:00,7.22,3.12,22.84
2025-05-01 10:12:02.727709-03:00,7.157,4.23,22.96
2025-05-01 10:27:02.727709-03:00,7.207,3.66,23.02
2025-05-01 10:42:02.727709-03:00,7.202,4.83,22.74
2025-05-01 10:57:02.727709-03:00,7.293,4.53,22.54
2025-05-01 11:12:02.727709-03:00,7.119,3.77,22.1
2025-05-01 11:27:02.727709-03:00,7.193,3.66,22.16
2025-05-01 11:42:02.727709-03:00,7.171,3.39,22.26
2025-05-01 11:57:02.727709-03:00,7.217,3.78,22.24
2025-05-01 12:12:02.727709-03:00,7.078,3.86,22.07
2025-05-01 12:27:02.727709-03:00,7.256,3.82,21.79
2025-05-01 12:42:02.727709-03:00,7.201,4.08,21.88
2025-05-01 12:57:02.727709-03:00,7.108,4.29,22.08
2025-05-01 13:12:02.727709-03:00,7.182,4.17,21.26
2025-05-01 13:27:02.727709-03:00,7.23,3.62,21.11
2025-05-01 13:42:02.727709-03:00,7.12,3.28,21.44
2025-05-01 13:57:02.727709-03:00,7.2,4.68,21.07
2025-05-01 14:12:02.727709-03:00,7.147,3.66,20.93
2025-05-01 14:27:02.727709-03:00,7.172,3.67,20.88
2025-05-01 14:42:02.727709-03:00,7.201,3.74,20.57
2025-05-01 14:57:02.727709-03:00,7.209,3.08,20.4
2025-05-01 15:12:02.727709-03:00,7.176,3.76,20.36
2025-05-01 15:27:02.727709-03:00,7.214,3.76,20.68
2025-05-01 15:42:02.727709-03:00,7.241,4.31,20.06
2025-05-01 15:57:02.727709-03:00,7.186,4.35,20.38
2025-05-01 16:12:02.727709-03:00,7.272,4.0,20.11
2025-05-01 16:27:02.727709-03:00,7.273,4.47,20.09
2025-05-01 16:42:02.727709-03:00,7.179,4.17,20.26
2025-05-01 16:57:02.727709-03:00,7.168,3.99,20.24
2025-05-01 17:12:02.727709-03:00,7.117,4.08,20.11
2025-05-01 17:27:02.727709-03:00,7.194,3.9,19.65
2025-05-01 17:42:02.727709-03:00,7.182,3.8,20.32
2025-05-01 17:57:02.727709-03:00,7.239,3.87,20.26
2025-05-01 18:12:02.727709-03:00,7.125,3.44,20.02
2025-05-01 18:27:02.727709-03:00,7.186,4.14,20.02
2025-05-01 18:42:02.727709-03:00,7.248,3.5,20.39
2025-05-01 18:57:02.727709-03:00,7.163,4.42,20.25
2025-05-01 19:12:02.727709-03:00,7.162,3.88,20.09
2025-05-01 19:27:02.727709-03:00,7.128,4.02,20.08
2025-05-01 19:42:02.727709-03:00,7.331,4.25,20.16
2025-05-01 19:57:02.727709-03:00,7.163,4.32,20.49
2025-05-01 20:12:02.727709-03:00,7.135,3.21,20.53
2025-05-01 20:27:02.727709-03:00,7.16,3.9,20.07
2025-05-01 20:42:02.727709-03:00,7.161,4.44,20.57
2025-05-01 20:57:02.727709-03:00,7.187,3.15,20.74
2025-05-01 21:12:02.727709-03:00,7.241,4.19,20.36
2025-05-01 21:27:02.727709-03:00,7.185,2.87,20.76
2025-05-01 21:42:02.727709-03:00,7.154,3.49,20.51
2025-05-01 21:57:02.727709-03:00,7.127,4.02,21.0
2025-05-01 22:12:02.727709-03:00,7.201,3.17,20.68
2025-05-01 22:27:02.727709-03:00,7.202,3.51,21.07
2025-05-01 22:42:02.727709-03:00,7.277,3.26,21.21
2025-05-01 22:57:02.727709-03:00,7.205,4.82,21.32
2025-05-01 23:12:02.727709-03:00,7.195,4.08,21.87
2025-05-01 23:27:02.727709-03:00,7.147,4.28,21.82
2025-05-01 23:42:02.727709-03:00,7.185,3.89,21.76
2025-05-01 23:57:02.727709-03:00,7.178,3.82,21.79
2025-05-02 00:12:02.727709-03:00,7.181,3.19,22.06
2025-05-02 00:27:02.727709-03:00,7.152,3.85,22.03
2025-05-02 00:42:02.727709-03:00,7.227,3.62,22.56
2025-05-02 00:57:02.727709-03:00,7.193,4.43,22.89
2025-05-02 01:12:02.727709-03:00,7.19,4.57,22.83
2025-05-02 01:27:02.727709-03:00,7.114,4.73,22.81
2025-05-02 01:42:02.727709-03:00,7.225,4.43,22.83
2025-05-02 01:57:02.727709-03:00,7.224,3.7,22.9
2025-05-02 02:12:02.727709-03:00,7.158,3.44,23.44
2025-05-02 02:27:02.727709-03:00,7.25,4.38,23.08
2025-05-02 02:42:02.727709-03:00,7.132,4.18,23.61
2025-05-02 02:57:02.727709-03:00,7.199,3.12,23.17
2025-05-02 03:12:02.727709-03:00,7.186,4.18,23.43
2025-05-02 03:27:02.727709-03:00,7.134,4.41,23.23
2025-05-02 03:42:02.727709-03:00,7.209,4.03,23.68
2025-05-02 03:57:02.727709-03:00,7.285,3.91,23.47
2025-05-02 04:12:02.727709-03:00,7.203,3.6,24.12
2025-05-02 04:27:02.727709-03:00,7.177,3.28,23.92
2025-05-02 04:42:02.727709-03:00,7.222,4.4,23.99
2025-05-02 04:57:02.727709-03:00,7.205,3.85,23.98
2025-05-02 05:12:02.727709-03:00,7.201,3.88,23.74
2025-05-02 05:27:02.727709-03:00,7.179,4.87,24.0
2025-05-02 05:42:02.727709-03:00,7.271,4.34,24.36
2025-05-02 05:57:02.727709-03:00,7.223,4.19,24.0
2025-05-02 06:12:02.727709-03:00,7.174,4.07,23.79
2025-05-02 06:27:02.727709-03:00,7.195,4.76,23.62
2025-05-02 06:42:02.727709-03:00,7.163,4.86,23.82
2025-05-02 06:57:02.727709-03:00,7.17,4.46,23.59
2025-05-02 07:12:02.727709-03:00,7.168,4.29,24.07
2025-05-02 07:27:02.727709-03:00,7.143,2.95,24.01
2025-05-02 07:42:02.727709-03:00,7.239,4.06,23.63
2025-05-02 07:57:02.727709-03:00,7.185,3.93,23.87
2025-05-02 08:12:02.727709-03:00,7.228,4.05,23.56
2025-05-02 08:27:02.727709-03:00,7.166,4.47,23.59
2025-05-02 08:42:02.727709-03:00,7.197,2.63,23.6
2025-05-02 08:57:02.727709-03:00,7.164,3.72,23.34
2025-05-02 09:12:02.727709-03:00,7.236,4.13,23.42
2025-05-02 09:27:02.727709-03:00,7.188,3.77,22.9
2025-05-02 09:42:02.727709-03:00,7.163,3.29,23.16
2025-05-02 09:57:02.727709-03:00,7.118,4.43,23.02
2025-05-02 10:12:02.727709-03:00,7.214,4.14,22.5
2025-05-02 10:27:02.727709-03:00,7.165,3.51,22.43
2025-05-02 10:42:02.727709-03:00,7.199,4.16,22.3
2025-05-02 10:57:02.727709-03:00,7.175,4.41,22.63
2025-05-02 11:12:02.727709-03:00,7.248,4.0,22.44
2025-05-02 11:27:02.727709-03:00,7.227,4.4,22.34
2025-05-02 11:42:02.727709-03:00,7.222,4.04,21.89
2025-05-02 11:57:02.727709-03:00,7.169,3.8,22.25
2025-05-02 12:12:02.727709-03:00,7.223,3.42,22.09
2025-05-02 12:27:02.727709-03:00,7.286,3.96,21.61
2025-05-02 12:42:02.727709-03:00,7.158,4.1,21.87
2025-05-02 12:57:02.727709-03:00,7.209,4.44,21.46
2025-05-02 13:12:02.727709-03:00,7.118,3.94,21.03
2025-05-02 13:27:02.727709-03:00,7.27,4.23,20.93
2025-05-02 13:42:02.727709-03:00,7.18,3.52,21.29
2025-05-02 13:57:02.727709-03:00,7.239,3.61,21.0
2025-05-02 14:12:02.727709-03:00,7.114,3.94,21.09
2025-05-02 14:27:02.727709-03:00,7.29,3.47,20.79
2025-05-02 14:42:02.727709-03:00,7.182,4.41,20.75
2025-05-02 14:57:02.727709-03:00,7.227,4.23,21.03
2025-05-02 15:12:02.727709-03:00,7.208,4.14,20.79
2025-05-02 15:27:02.727709-03:00,7.187,4.17,20.34
2025-05-02 15:42:02.727709-03:00,7.284,5.01,20.43
2025-05-02 15:57:02.727709-03:00,7.118,3.77,20.38
2025-05-02 16:12:02.727709-03:00,7.215,2.9,20.37
2025-05-02 16:27:02.727709-03:00,7.246,4.1,20.18
2025-05-02 16:42:02.727709-03:00,7.199,3.97,20.02
2025-05-02 16:57:02.727709-03:00,7.194,3.74,20.07
2025-05-02 17:12:02.727709-03:00,7.193,3.51,19.95
2025-05-02 17:27:02.727709-03:00,7.139,3.78,20.36
2025-05-02 17:42:02.727709-03:00,7.202,4.09,20.25
2025-05-02 17:57:02.727709-03:00,7.226,3.75,19.96
2025-05-02 18:12:02.727709-03:00,7.203,5.21,20.09
2025-05-02 18:27:02.727709-03:00,7.186,3.52,19.98
2025-05-02 18:42:02.727709-03:00,7.176,3.6,20.27
2025-05-02 18:57:02.727709-03:00,7.186,2.86,20.27
2025-05-02 19:12:02.727709-03:00,7.263,4.13,20.21
2025-05-02 19:27:02.727709-03:00,7.096,2.99,20.32
2025-05-02 19:42:02.727709-03:00,7.202,3.73,20.33
2025-05-02 19:57:02.727709-03:00,7.184,3.86,20.49
2025-05-02 20:12:02.727709-03:00,7.273,3.65,20.43
2025-05-02 20:27:02.727709-03:00,7.203,4.87,20.43
2025-05-02 20:42:02.727709-03:00,7.274,4.5,20.36
2025-05-02 20:57:02.727709-03:00,7.094,4.66,20.25
2025-05-02 21:12:02.727709-03:00,7.223,3.56,20.66
2025-05-02 21:27:02.727709-03:00,7.214,4.56,20.61
2025-05-02 21:42:02.727709-03:00,7.27,4.25,20.88
2025-05-02 21:57:02.727709-03:00,7.118,4.39,21.21
2025-05-02 22:12:02.727709-03:00,7.192,4.51,21.13
2025-05-02 22:27:02.727709-03:00,7.203,3.55,21.13
2025-05-02 22:42:02.727709-03:00,7.175,3.79,21.16
2025-05-02 22:57:02.727709-03:00,7.261,4.43,21.17
2025-05-02 23:12:02.727709-03:00,7.183,2.67,21.85
2025-05-02 23:27:02.727709-03:00,7.302,4.76,21.36
2025-05-02 23:42:02.727709-03:00,7.253,4.28,21.66
2025-05-02 23:57:02.727709-03:00,7.248,3.98,21.51
2025-05-03 00:12:02.727709-03:00,7.228,4.11,22.04
2025-05-03 00:27:02.727709-03:00,7.147,3.49,22.17
2025-05-03 00:42:02.727709-03:00,7.178,3.83,22.28
2025-05-03 00:57:02.727709-03:00,7.229,4.55,22.48
2025-05-03 01:12:02.727709-03:00,7.234,4.65,22.45
2025-05-03 01:27:02.727709-03:00,7.265,5.35,22.56
2025-05-03 01:42:02.727709-03:00,7.177,3.96,23.22
2025-05-03 01:57:02.727709-03:00,7.157,3.67,22.91
2025-05-03 02:12:02.727709-03:00,7.243,3.74,23.27
2025-05-03 02:27:02.727709-03:00,7.16,3.49,23.03
2025-05-03 02:42:02.727709-03:00,7.244,3.96,23.62
2025-05-03 02:57:02.727709-03:00,7.26,4.19,23.7
2025-05-03 03:12:02.727709-03:00,7.223,3.98,23.53
2025-05-03 03:27:02.727709-03:00,7.182,4.55,23.35
2025-05-03 03:42:02.727709-03:00,7.202,3.88,23.67
2025-05-03 03:57:02.727709-03:00,7.23,3.83,23.73
2025-05-03 04:12:02.727709-03:00,7.201,3.71,23.83
2025-05-03 04:27:02.727709-03:00,7.31,3.18,23.64
2025-05-03 04:42:02.727709-03:00,7.15,3.22,23.58
2025-05-03 04:57:02.727709-03:00,7.15,3.41,23.96
2025-05-03 05:12:02.727709-03:00,7.151,4.65,23.95
2025-05-03 05:27:02.727709-03:00,7.171,4.45,23.98
2025-05-03 05:42:02.727709-03:00,7.091,4.69,24.2
2025-05-03 05:57:02.727709-03:00,7.169,3.33,23.7
2025-05-03 06:12:02.727709-03:00,7.167,3.02,24.2
2025-05-03 06:27:02.727709-03:00,7.204,3.67,23.84
2025-05-03 06:42:02.727709-03:00,7.221,4.09,23.89
2025-05-03 06:57:02.727709-03:00,7.138,4.25,23.77
2025-05-03 07:12:02.727709-03:00,7.245,4.52,23.92
2025-05-03 07:27:02.727709-03:00,7.29,4.14,23.48
2025-05-03 07:42:02.727709-03:00,7.19,4.87,23.69
2025-05-03 07:57:02.727709-03:00,7.279,3.89,23.64
2025-05-03 08:12:02.727709-03:00,7.21,3.54,23.93
2025-05-03 08:27:02.727709-03:00,7.299,3.16,23.63
2025-05-03 08:42:02.727709-03:00,7.256,3.56,23.66
2025-05-03 08:57:02.727709-03:00,7.122,4.12,23.43
2025-05-03 09:12:02.727709-03:00,7.201,3.56,23.13
2025-05-03 09:27:02.727709-03:00,7.253,4.47,23.42
2025-05-03 09:42:02.727709-03:00,7.202,4.71,22.96
2025-05-03 09:57:02.727709-03:00,7.198,2.82,22.92
2025-05-03 10:12:02.727709-03:00,7.263,4.43,22.94
2025-05-03 10:27:02.727709-03:00,7.165,2.88,22.98
2025-05-03 10:42:02.727709-03:00,7.201,4.2,22.63
2025-05-03 10:57:02.727709-03:00,7.216,4.61,22.84
2025-05-03 11:12:02.727709-03:00,7.183,4.03,22.3
2025-05-03 11:27:02.727709-03:00,7.199,3.36,22.42
2025-05-03 11:42:02.727709-03:00,7.239,3.71,22.16
2025-05-03 11:57:02.727709-03:00,7.222,3.87,22.34
2025-05-03 12:12:02.727709-03:00,7.16,3.91,21.94
2025-05-03 12:27:02.727709-03:00,7.145,3.9,21.39
2025-05-03 12:42:02.727709-03:00,7.161,3.95,21.85
2025-05-03 12:57:02.727709-03:00,7.2,4.11,21.49
2025-05-03 13:12:02.727709-03:00,7.192,3.4,21.27
2025-05-03 13:27:02.727709-03:00,7.158,3.88,21.5
2025-05-03 13:42:02.727709-03:00,7.17,4.76,21.07
2025-05-03 13:57:02.727709-03:00,7.124,3.81,21.14
2025-05-03 14:12:02.727709-03:00,7.221,3.78,20.76
2025-05-03 14:27:02.727709-03:00,7.198,4.54,20.64
2025-05-03 14:42:02.727709-03:00,7.137,2.72,21.06
2025-05-03 14:57:02.727709-03:00,7.201,4.59,20.45
2025-05-03 15:12:02.727709-03:00,7.267,3.68,20.4
2025-05-03 15:27:02.727709-03:00,7.163,4.08,20.09
2025-05-03 15:42:02.727709-03:00,7.266,4.05,20.68
2025-05-03 15:57:02.727709-03:00,7.184,4.47,20.36
2025-05-03 16:12:02.727709-03:00,7.21,3.87,20.27
2025-05-03 16:27:02.727709-03:00,7.205,3.66,20.36
2025-05-03 16:42:02.727709-03:00,7.27,4.65,19.85
2025-05-03 16:57:02.727709-03:00,7.208,2.82,19.97
2025-05-03 17:12:02.727709-03:00,7.143,4.01,20.03
2025-05-03 17:27:02.727709-03:00,7.134,3.33,19.71
2025-05-03 17:42:02.727709-03:00,7.123,3.62,20.27
2025-05-03 17:57:02.727709-03:00,7.114,5.01,20.0
2025-05-03 18:12:02.727709-03:00,7.202,3.98,19.94
2025-05-03 18:27:02.727709-03:00,7.152,4.1,20.06
2025-05-03 18:42:02.727709-03:00,7.196,3.11,19.88
2025-05-03 18:57:02.727709-03:00,7.165,3.64,20.07
2025-05-03 19:12:02.727709-03:00,7.161,4.1,20.78
2025-05-03 19:27:02.727709-03:00,7.176,4.18,20.26
2025-05-03 19:42:02.727709-03:00,7.235,4.31,20.53
2025-05-03 19:57:02.727709-03:00,7.246,4.0,20.18
2025-05-03 20:12:02.727709-03:00,7.219,4.26,20.17
2025-05-03 20:27:02.727709-03:00,7.151,4.23,20.46
2025-05-03 20:42:02.727709-03:00,7.232,3.09,20.21
2025-05-03 20:57:02.727709-03:00,7.234,4.02,20.11
2025-05-03 21:12:02.727709-03:00,7.214,4.38,20.81
2025-05-03 21:27:02.727709-03:00,7.17,4.29,20.89
2025-05-03 21:42:02.727709-03:00,7.235,3.82,21.03
2025-05-03 21:57:02.727709-03:00,7.221,3.6,20.98
2025-05-03 22:12:02.727709-03:00,7.044,3.44,21.49
2025-05-03 22:27:02.727709-03:00,7.232,3.93,21.19
2025-05-03 22:42:02.727709-03:00,7.104,4.57,21.22
2025-05-03 22:57:02.727709-03:00,7.233,3.02,20.86
2025-05-03 23:12:02.727709-03:00,7.192,3.67,21.57
2025-05-03 23:27:02.727709-03:00,7.26,3.43,21.88
2025-05-03 23:42:02.727709-03:00,7.195,4.39,21.84
2025-05-03 23:57:02.727709-03:00,7.156,3.72,22.2
2025-05-04 00:12:02.727709-03:00,7.193,3.76,22.56
2025-05-04 00:27:02.727709-03:00,7.253,3.89,22.2
2025-05-04 00:42:02.727709-03:00,7.201,4.22,22.61
2025-05-04 00:57:02.727709-03:00,7.194,3.8,22.18
2025-05-04 01:12:02.727709-03:00,7.237,2.48,22.82
2025-05-04 01:27:02.727709-03:00,7.211,4.27,22.75
2025-05-04 01:42:02.727709-03:00,7.2,4.22,22.82
2025-05-04 01:57:02.727709-03:00,7.268,3.89,22.94
2025-05-04 02:12:02.727709-03:00,7.278,3.46,23.06
2025-05-04 02:27:02.727709-03:00,7.231,4.18,23.13
2025-05-04 02:42:02.727709-03:00,7.186,4.19,23.34
2025-05-04 02:57:02.727709-03:00,7.275,3.76,23.36
2025-05-04 03:12:02.727709-03:00,7.259,3.89,23.26
2025-05-04 03:27:02.727709-03:00,7.236,3.53,23.65
2025-05-04 03:42:02.727709-03:00,7.139,3.91,23.53
2025-05-04 03:57:02.727709-03:00,7.207,3.22,23.93
2025-05-04 04:12:02.727709-03:00,7.163,4.21,23.78
2025-05-04 04:27:02.727709-03:00,7.192,3.53,23.86
2025-05-04 04:42:02.727709-03:00,7.212,4.12,23.48
2025-05-04 04:57:02.727709-03:00,7.205,3.3,23.67
2025-05-04 05:12:02.727709-03:00,7.176,3.7,24.14
2025-05-04 05:27:02.727709-03:00,7.264,3.94,23.83
2025-05-04 05:42:02.727709-03:00,7.115,3.17,23.89
2025-05-04 05:57:02.727709-03:00,7.237,4.06,23.94
2025-05-04 06:12:02.727709-03:00,7.107,3.81,24.27
2025-05-04 06:27:02.727709-03:00,7.219,3.13,24.06
2025-05-04 06:42:02.727709-03:00,7.156,3.35,24.23
2025-05-04 06:57:02.727709-03:00,7.244,4.3,23.88
2025-05-04 07:12:02.727709-03:00,7.204,4.45,23.94
2025-05-04 07:27:02.727709-03:00,7.212,3.93,23.62
2025-05-04 07:42:02.727709-03:00,7.149,4.2,24.04
2025-05-04 07:57:02.727709-03:00,7.167,4.11,23.77
2025-05-04 08:12:02.727709-03:00,7.21,4.16,23.69
2025-05-04 08:27:02.727709-03:00,7.229,4.64,23.67
2025-05-04 08:42:02.727709-03:00,7.346,3.25,23.81
2025-05-04 08:57:02.727709-03:00,7.211,4.34,23.39
2025-05-04 09:12:02.727709-03:00,7.249,3.81,23.67
2025-05-04 09:27:02.727709-03:00,7.122,3.89,23.07
2025-05-04 09:42:02.727709-03:00,7.134,3.85,23.22
2025-05-04 09:57:02.727709-03:00,7.182,3.81,23.42
2025-05-04 10:12:02.727709-03:00,7.14,3.39,22.81
2025-05-04 10:27:02.727709-03:00,7.274,4.09,22.84
2025-05-04 10:42:02.727709-03:00,7.179,4.84,22.84
2025-05-04 10:57:02.727709-03:00,7.269,3.97,22.52
2025-05-04 11:12:02.727709-03:00,7.274,4.0,22.12
2025-05-04 11:27:02.727709-03:00,7.202,3.66,22.08
2025-05-04 11:42:02.727709-03:00,7.225,3.94,22.27
2025-05-04 11:57:02.727709-03:00,7.197,4.23,22.2
2025-05-04 12:12:02.727709-03:00,7.227,3.81,22.05
2025-05-04 12:27:02.727709-03:00,7.224,3.77,21.99
2025-05-04 12:42:02.727709-03:00,7.194,4.2,21.65
2025-05-04 12:57:02.727709-03:00,7.225,3.54,21.55
2025-05-04 13:12:02.727709-03:00,7.286,4.13,21.08
2025-05-04 13:27:02.727709-03:00,7.236,4.41,21.32
2025-05-04 13:42:02.727709-03:00,7.216,4.68,21.26
2025-05-04 13:57:02.727709-03:00,7.206,3.95,20.91
2025-05-04 14:12:02.727709-03:00,7.149,4.68,21.04
2025-05-04 14:27:02.727709-03:00,7.149,4.52,20.44
2025-05-04 14:42:02.727709-03:00,7.216,3.5,20.85
2025-05-04 14:57:02.727709-03:00,7.132,3.39,20.66
2025-05-04 15:12:02.727709-03:00,7.162,3.85,20.94
2025-05-04 15:27:02.727709-03:00,7.264,4.51,20.71
2025-05-04 15:42:02.727709-03:00,7.296,3.96,20.65
2025-05-04 15:57:02.727709-03:00,7.117,3.7,20.44
2025-05-04 16:12:02.727709-03:00,7.281,4.78,20.35
2025-05-04 16:27:02.727709-03:00,7.189,4.14,19.93
2025-05-04 16:42:02.727709-03:00,7.199,2.84,20.05
2025-05-04 16:57:02.727709-03:00,7.194,4.16,20.44
2025-05-04 17:12:02.727709-03:00,7.254,4.26,19.75
2025-05-04 17:27:02.727709-03:00,7.12,4.11,19.93
2025-05-04 17:42:02.727709-03:00,7.223,4.22,19.72
2025-05-04 17:57:02.727709-03:00,7.153,3.97,20.29
2025-05-04 18:12:02.727709-03:00,7.229,3.34,19.89
2025-05-04 18:27:02.727709-03:00,7.277,3.81,20.32
2025-05-04 18:42:02.727709-03:00,7.2,3.53,19.95
2025-05-04 18:57:02.727709-03:00,7.219,3.53,19.96
2025-05-04 19:12:02.727709-03:00,7.22,3.37,20.35
2025-05-04 19:27:02.727709-03:00,7.16,4.23,20.33
2025-05-04 19:42:02.727709-03:00,7.276,4.05,19.65
2025-05-04 19:57:02.727709-03:00,7.285,3.78,20.35
2025-05-04 20:12:02.727709-03:00,7.235,3.68,20.44
2025-05-04 20:27:02.727709-03:00,7.204,3.99,20.44
2025-05-04 20:42:02.727709-03:00,7.177,4.54,20.35
2025-05-04 20:57:02.727709-03:00,7.169,3.0,20.57
2025-05-04 21:12:02.727709-03:00,7.286,4.19,20.58
2025-05-04 21:27:02.727709-03:00,7.271,3.73,20.8
2025-05-04 21:42:02.727709-03:00,7.197,3.06,20.83
2025-05-04 21:57:02.727709-03:00,7.121,3.93,20.85
2025-05-04 22:12:02.727709-03:00,7.058,4.44,21.12
2025-05-04 22:27:02.727709-03:00,7.146,5.01,21.37
2025-05-04 22:42:02.727709-03:00,7.193,5.1,21.39
2025-05-04 22:57:02.727709-03:00,7.27,4.43,21.35
2025-05-04 23:12:02.727709-03:00,7.167,5.41,21.65
2025-05-04 23:27:02.727709-03:00,7.225,5.61,21.93
2025-05-04 23:42:02.727709-03:00,7.265,5.1,22.16
2025-05-04 23:57:02.727709-03:00,7.206,4.6,22.22
2025-05-05 00:12:02.727709-03:00,7.193,5.46,22.21
2025-05-05 00:27:02.727709-03:00,7.135,5.28,22.03
2025-05-05 00:42:02.727709-03:00,7.14,5.33,22.09
2025-05-05 00:57:02.727709-03:00,7.221,4.57,22.45
2025-05-05 01:12:02.727709-03:00,7.19,3.48,22.34
2025-05-05 01:27:02.727709-03:00,7.206,5.96,22.58
2025-05-05 01:42:02.727709-03:00,7.198,4.09,22.83
2025-05-05 01:57:02.727709-03:00,7.233,4.88,22.88
2025-05-05 02:12:02.727709-03:00,7.161,6.09,23.02
2025-05-05 02:27:02.727709-03:00,7.183,5.07,22.93
2025-05-05 02:42:02.727709-03:00,7.295,5.37,23.35
2025-05-05 02:57:02.727709-03:00,7.16,4.15,23.59
2025-05-05 03:12:02.727709-03:00,7.186,4.01,23.38
2025-05-05 03:27:02.727709-03:00,7.171,4.63,23.72
2025-05-05 03:42:02.727709-03:00,7.222,5.45,24.18
2025-05-05 03:57:02.727709-03:00,7.251,4.73,23.7
2025-05-05 04:12:02.727709-03:00,7.175,4.5,23.91
2025-05-05 04:27:02.727709-03:00,7.178,5.0,23.88
2025-05-05 04:42:02.727709-03:00,7.186,5.44,24.08
2025-05-05 04:57:02.727709-03:00,7.226,4.18,23.58
2025-05-05 05:12:02.727709-03:00,7.163,4.29,23.74
2025-05-05 05:27:02.727709-03:00,7.181,4.51,24.01
2025-05-05 05:42:02.727709-03:00,7.081,5.45,24.17
2025-05-05 05:57:02.727709-03:00,7.131,5.02,24.03
2025-05-05 06:12:02.727709-03:00,7.194,5.97,23.66
2025-05-05 06:27:02.727709-03:00,7.245,5.37,23.82
2025-05-05 06:42:02.727709-03:00,7.215,4.88,23.81
2025-05-05 06:57:02.727709-03:00,7.145,5.53,24.02
2025-05-05 07:12:02.727709-03:00,7.13,5.01,23.75
2025-05-05 07:27:02.727709-03:00,7.209,4.55,23.72
2025-05-05 07:42:02.727709-03:00,7.117,5.24,24.02
2025-05-05 07:57:02.727709-03:00,7.253,4.55,24.01
2025-05-05 08:12:02.727709-03:00,7.203,4.75,23.59
2025-05-05 08:27:02.727709-03:00,7.12,5.56,23.69
2025-05-05 08:42:02.727709-03:00,7.152,4.85,23.14
2025-05-05 08:57:02.727709-03:00,7.164,4.5,23.47
2025-05-05 09:12:02.727709-03:00,7.161,4.67,23.58
2025-05-05 09:27:02.727709-03:00,7.126,5.41,23.34
2025-05-05 09:42:02.727709-03:00,7.156,4.62,23.15
2025-05-05 09:57:02.727709-03:00,7.166,4.71,22.94
2025-05-05 10:12:02.727709-03:00,7.164,4.64,22.78
2025-05-05 10:27:02.727709-03:00,7.256,4.99,22.75
2025-05-05 10:42:02.727709-03:00,7.205,4.71,22.36
2025-05-05 10:57:02.727709-03:00,7.15,4.1,22.86
2025-05-05 11:12:02.727709-03:00,7.183,4.46,22.53
2025-05-05 11:27:02.727709-03:00,7.156,4.43,22.27
2025-05-05 11:42:02.727709-03:00,7.185,5.52,22.03
2025-05-05 11:57:02.727709-03:00,7.244,5.31,22.01
2025-05-05 12:12:02.727709-03:00,7.213,5.19,22.05
2025-05-05 12:27:02.727709-03:00,7.314,4.65,21.97
2025-05-05 12:42:02.727709-03:00,7.219,4.49,21.45
2025-05-05 12:57:02.727709-03:00,7.154,4.65,21.31
2025-05-05 13:12:02.727709-03:00,7.24,4.37,21.8
2025-05-05 13:27:02.727709-03:00,7.254,6.15,21.49
2025-05-05 13:42:02.727709-03:00,7.255,3.78,21.28
2025-05-05 13:57:02.727709-03:00,7.145,5.18,21.0
2025-05-05 14:12:02.727709-03:00,7.193,4.26,21.1
2025-05-05 14:27:02.727709-03:00,7.257,4.85,20.55
2025-05-05 14:42:02.727709-03:00,7.116,4.41,21.01
2025-05-05 14:57:02.727709-03:00,7.175,4.31,20.6
2025-05-05 15:12:02.727709-03:00,7.129,4.33,20.67
2025-05-05 15:27:02.727709-03:00,7.153,5.78,20.56
2025-05-05 15:42:02.727709-03:00,7.149,4.83,20.33
2025-05-05 15:57:02.727709-03:00,7.263,4.52,20.25
2025-05-05 16:12:02.727709-03:00,7.188,5.18,20.46
2025-05-05 16:27:02.727709-03:00,7.157,4.91,20.37
2025-05-05 16:42:02.727709-03:00,7.148,5.26,19.76
2025-05-05 16:57:02.727709-03:00,7.207,3.99,19.74
2025-05-05 17:12:02.727709-03:00,7.199,5.05,19.85
2025-05-05 17:27:02.727709-03:00,7.267,5.29,19.84
2025-05-05 17:42:02.727709-03:00,7.225,4.07,19.78
2025-05-05 17:57:02.727709-03:00,7.128,5.12,20.05
2025-05-05 18:12:02.727709-03:00,7.169,5.75,19.91
2025-05-05 18:27:02.727709-03:00,7.254,4.89,20.26
2025-05-05 18:42:02.727709-03:00,7.169,5.31,20.32
2025-05-05 18:57:02.727709-03:00,7.287,5.24,20.06
2025-05-05 19:12:02.727709-03:00,7.145,4.55,20.43
2025-05-05 19:27:02.727709-03:00,7.229,4.92,20.15
2025-05-05 19:42:02.727709-03:00,7.157,4.12,20.11
2025-05-05 19:57:02.727709-03:00,7.175,4.67,20.27
2025-05-05 20:12:02.727709-03:00,7.255,5.03,20.51
2025-05-05 20:27:02.727709-03:00,7.194,5.26,20.07
2025-05-05 20:42:02.727709-03:00,7.241,4.91,20.44
2025-05-05 20:57:02.727709-03:00,7.224,5.26,20.63
2025-05-05 21:12:02.727709-03:00,7.238,4.35,20.73
2025-05-05 21:27:02.727709-03:00,7.156,4.85,20.69
2025-05-05 21:42:02.727709-03:00,7.189,4.91,20.96
2025-05-05 21:57:02.727709-03:00,7.221,4.92,21.04
2025-05-05 22:12:02.727709-03:00,7.158,3.89,20.97
2025-05-05 22:27:02.727709-03:00,7.281,3.75,21.65
2025-05-05 22:42:02.727709-03:00,7.161,4.01,21.42
2025-05-05 22:57:02.727709-03:00,7.185,3.54,21.39
2025-05-05 23:12:02.727709-03:00,7.15,4.1,21.47
2025-05-05 23:27:02.727709-03:00,7.093,3.82,21.92
2025-05-05 23:42:02.727709-03:00,7.29,3.1,21.86
2025-05-05 23:57:02.727709-03:00,7.19,3.97,22.48
2025-05-06 00:12:02.727709-03:00,7.178,3.84,22.02
2025-05-06 00:27:02.727709-03:00,7.19,3.18,21.99
2025-05-06 00:42:02.727709-03:00,7.271,3.97,22.36
2025-05-06 00:57:02.727709-03:00,7.152,4.74,22.53
2025-05-06 01:12:02.727709-03:00,7.234,4.26,22.19
2025-05-06 01:27:02.727709-03:00,7.179,4.31,22.68
2025-05-06 01:42:02.727709-03:00,7.17,3.33,22.79
2025-05-06 01:57:02.727709-03:00,7.228,4.24,22.9
2025-05-06 02:12:02.727709-03:00,7.249,4.07,22.96
2025-05-06 02:27:02.727709-03:00,7.174,4.26,22.93
2025-05-06 02:42:02.727709-03:00,7.162,4.21,23.45
2025-05-06 02:57:02.727709-03:00,7.142,3.32,23.28
2025-05-06 03:12:02.727709-03:00,7.255,3.98,23.28
2025-05-06 03:27:02.727709-03:00,7.171,3.62,23.42
2025-05-06 03:42:02.727709-03:00,7.108,3.97,23.55
2025-05-06 03:57:02.727709-03:00,7.27,3.55,23.74
2025-05-06 04:12:02.727709-03:00,7.132,4.66,23.92
2025-05-06 04:27:02.727709-03:00,7.239,3.57,23.65
2025-05-06 04:42:02.727709-03:00,7.209,3.55,23.79
2025-05-06 04:57:02.727709-03:00,7.214,4.04,23.66
2025-05-06 05:12:02.727709-03:00,7.171,3.46,23.28
2025-05-06 05:27:02.727709-03:00,7.218,3.79,24.01
2025-05-06 05:42:02.727709-03:00,7.117,3.59,24.3
2025-05-06 05:57:02.727709-03:00,7.229,4.71,24.1
2025-05-06 06:12:02.727709-03:00,7.278,4.39,23.9
2025-05-06 06:27:02.727709-03:00,7.244,3.97,24.01
2025-05-06 06:42:02.727709-03:00,7.099,3.8,23.73
2025-05-06 06:57:02.727709-03:00,7.151,4.47,23.91
2025-05-06 07:12:02.727709-03:00,7.191,4.2,23.82
2025-05-06 07:27:02.727709-03:00,7.224,4.25,23.69
2025-05-06 07:42:02.727709-03:00,7.195,3.99,23.89
2025-05-06 07:57:02.727709-03:00,7.175,3.16,24.26
2025-05-06 08:12:02.727709-03:00,7.23,3.94,24.01
2025-05-06 08:27:02.727709-03:00,7.258,3.73,23.59
2025-05-06 08:42:02.727709-03:00,7.188,4.32,23.7
2025-05-06 08:57:02.727709-03:00,7.236,4.51,23.61
2025-05-06 09:12:02.727709-03:00,7.071,3.67,23.21
2025-05-06 09:27:02.727709-03:00,7.153,4.23,23.37
2025-05-06 09:42:02.727709-03:00,7.184,4.87,22.84
2025-05-06 09:57:02.727709-03:00,7.176,3.67,22.86
2025-05-06 10:12:02.727709-03:00,7.217,4.84,22.96
2025-05-06 10:27:02.727709-03:00,7.251,3.57,22.71
2025-05-06 10:42:02.727709-03:00,7.225,4.01,23.02
2025-05-06 10:57:02.727709-03:00,7.169,3.99,22.67
2025-05-06 11:12:02.727709-03:00,7.124,4.01,22.34
2025-05-06 11:27:02.727709-03:00,7.228,3.58,22.19
2025-05-06 11:42:02.727709-03:00,7.108,3.7,22.19
2025-05-06 11:57:02.727709-03:00,7.233,3.67,21.82
2025-05-06 12:12:02.727709-03:00,7.191,4.16,22.01
2025-05-06 12:27:02.727709-03:00,7.141,4.17,21.49
2025-05-06 12:42:02.727709-03:00,7.214,5.11,21.76
2025-05-06 12:57:02.727709-03:00,7.2,4.69,21.47
2025-05-06 13:12:02.727709-03:00,7.198,3.75,21.46
2025-05-06 13:27:02.727709-03:00,7.196,4.16,21.06
2025-05-06 13:42:02.727709-03:00,7.221,4.5,21.19
2025-05-06 13:57:02.727709-03:00,7.246,4.02,21.51
2025-05-06 14:12:02.727709-03:00,7.225,3.97,20.82
2025-05-06 14:27:02.727709-03:00,7.251,4.03,20.87
2025-05-06 14:42:02.727709-03:00,7.198,4.43,21.0
2025-05-06 14:57:02.727709-03:00,7.281,3.58,20.76
2025-05-06 15:12:02.727709-03:00,7.229,3.84,20.6
2025-05-06 15:27:02.727709-03:00,7.173,4.24,20.23
2025-05-06 15:42:02.727709-03:00,7.145,4.16,20.1
2025-05-06 15:57:02.727709-03:00,7.21,4.12,20.29
2025-05-06 16:12:02.727709-03:00,7.135,3.82,20.13
2025-05-06 16:27:02.727709-03:00,7.151,4.49,20.16
2025-05-06 16:42:02.727709-03:00,7.212,5.07,20.16
2025-05-06 16:57:02.727709-03:00,7.17,4.2,19.94
2025-05-06 17:12:02.727709-03:00,7.153,3.9,20.14
2025-05-06 17:27:02.727709-03:00,7.198,4.38,20.39
2025-05-06 17:42:02.727709-03:00,7.204,3.73,19.8
2025-05-06 17:57:02.727709-03:00,7.19,3.63,19.91
2025-05-06 18:12:02.727709-03:00,7.181,4.02,19.99
2025-05-06 18:27:02.727709-03:00,7.243,2.71,20.24
2025-05-06 18:42:02.727709-03:00,7.217,3.42,19.8
2025-05-06 18:57:02.727709-03:00,7.189,3.83,19.85
2025-05-06 19:12:02.727709-03:00,7.323,3.32,19.67
2025-05-06 19:27:02.727709-03:00,7.21,3.48,20.05
2025-05-06 19:42:02.727709-03:00,7.257,3.78,20.33
2025-05-06 19:57:02.727709-03:00,7.172,3.18,20.47
2025-05-06 20:12:02.727709-03:00,7.132,3.8,20.39
2025-05-06 20:27:02.727709-03:00,7.16,3.73,20.28
2025-05-06 20:42:02.727709-03:00,7.187,4.01,20.62
2025-05-06 20:57:02.727709-03:00,7.175,4.58,20.61
2025-05-06 21:12:02.727709-03:00,7.267,4.09,20.28
2025-05-06 21:27:02.727709-03:00,7.194,4.01,20.52
2025-05-06 21:42:02.727709-03:00,7.223,4.05,21.17
2025-05-06 21:57:02.727709-03:00,7.198,4.11,21.04
2025-05-06 22:12:02.727709-03:00,7.178,3.49,20.82
2025-05-06 22:27:02.727709-03:00,7.202,3.94,21.37
2025-05-06 22:42:02.727709-03:00,7.286,4.15,21.54
2025-05-06 22:57:02.727709-03:00,7.162,3.31,21.37
2025-05-06 23:12:02.727709-03:00,7.238,4.43,21.72
2025-05-06 23:27:02.727709-03:00,7.149,4.54,20.96
2025-05-06 23:42:02.727709-03:00,7.177,3.68,22.04
2025-05-06 23:57:02.727709-03:00,7.2,3.88,22.21
2025-05-07 00:12:02.727709-03:00,7.216,3.56,21.88
2025-05-07 00:27:02.727709-03:00,7.274,4.35,22.29
2025-05-07 00:42:02.727709-03:00,7.197,3.47,22.3
2025-05-07 00:57:02.727709-03:00,7.158,3.89,22.47
2025-05-07 01:12:02.727709-03:00,7.233,3.57,22.53
2025-05-07 01:27:02.727709-03:00,7.182,4.03,22.47
2025-05-07 01:42:02.727709-03:00,7.212,3.1,23.24
2025-05-07 01:57:02.727709-03:00,7.194,4.66,22.92
2025-05-07 02:12:02.727709-03:00,7.103,3.52,23.11
2025-05-07 02:27:02.727709-03:00,7.225,4.03,22.99
2025-05-07 02:42:02.727709-03:00,7.229,3.89,23.09
2025-05-07 02:57:02.727709-03:00,7.246,3.62,23.48
2025-05-07 03:12:02.727709-03:00,7.29,3.56,23.59
2025-05-07 03:27:02.727709-03:00,7.14,4.47,23.75
2025-05-07 03:42:02.727709-03:00,7.226,3.74,23.87
2025-05-07 03:57:02.727709-03:00,7.22,4.14,23.68
2025-05-07 04:12:02.727709-03:00,7.179,3.6,23.69
2025-05-07 04:27:02.727709-03:00,7.22,3.68,23.99
2025-05-07 04:42:02.727709-03:00,7.225,4.24,23.76
2025-05-07 04:57:02.727709-03:00,7.139,4.47,24.1
2025-05-07 05:12:02.727709-03:00,7.212,3.91,24.03
2025-05-07 05:27:02.727709-03:00,7.154,3.29,24.21
2025-05-07 05:42:02.727709-03:00,7.167,5.0,24.13
2025-05-07 05:57:02.727709-03:00,7.111,3.57,23.79
2025-05-07 06:12:02.727709-03:00,7.176,3.23,23.82
2025-05-07 06:27:02.727709-03:00,7.19,5.3,24.13
2025-05-07 06:42:02.727709-03:00,7.227,3.8,24.35
2025-05-07 06:57:02.727709-03:00,7.2,3.27,23.67
2025-05-07 07:12:02.727709-03:00,7.123,3.66,23.91
2025-05-07 07:27:02.727709-03:00,7.243,4.18,23.91
2025-05-07 07:42:02.727709-03:00,7.194,4.1,23.5
2025-05-07 07:57:02.727709-03:00,7.224,3.57,23.84
2025-05-07 08:12:02.727709-03:00,7.248,4.91,23.66
2025-05-07 08:27:02.727709-03:00,7.271,3.74,23.18
2025-05-07 08:42:02.727709-03:00,7.298,3.41,23.85
2025-05-07 08:57:02.727709-03:00,7.196,4.48,23.26
2025-05-07 09:12:02.727709-03:00,7.216,4.66,23.08
2025-05-07 09:27:02.727709-03:00,7.146,3.59,23.32
2025-05-07 09:42:02.727709-03:00,7.253,3.3,23.24
2025-05-07 09:57:02.727709-03:00,7.141,4.52,23.17
2025-05-07 10:12:02.727709-03:00,7.11,2.98,22.83
2025-05-07 10:27:02.727709-03:00,7.242,3.39,22.79
2025-05-07 10:42:02.727709-03:00,7.174,4.48,22.52
2025-05-07 10:57:02.727709-03:00,7.239,3.97,22.28
2025-05-07 11:12:02.727709-03:00,7.22,3.87,22.63
2025-05-07 11:27:02.727709-03:00,7.118,4.18,22.27
2025-05-07 11:42:02.727709-03:00,7.064,3.92,22.12
2025-05-07 11:57:02.727709-03:00,7.145,3.35,21.63
2025-05-07 12:12:02.727709-03:00,7.201,4.64,21.86
2025-05-07 12:27:02.727709-03:00,7.139,4.66,21.6
2025-05-07 12:42:02.727709-03:00,7.167,4.1,21.6
2025-05-07 12:57:02.727709-03:00,7.127,4.02,21.46
2025-05-07 13:12:02.727709-03:00,7.208,5.17,21.29
2025-05-07 13:27:02.727709-03:00,7.205,3.86,21.45
2025-05-07 13:42:02.727709-03:00,7.176,3.87,21.23
2025-05-07 13:57:02.727709-03:00,7.27,4.18,21.25
2025-05-07 14:12:02.727709-03:00,7.275,4.74,20.65
2025-05-07 14:27:02.727709-03:00,7.228,4.8,20.67
2025-05-07 14:42:02.727709-03:00,7.11,3.87,20.69
2025-05-07 14:57:02.727709-03:00,7.145,4.15,20.52
2025-05-07 15:12:02.727709-03:00,7.22,3.31,20.5
2025-05-07 15:27:02.727709-03:00,7.169,3.84,20.19
2025-05-07 15:42:02.727709-03:00,7.176,3.58,20.21
2025-05-07 15:57:02.727709-03:00,7.245,3.5,19.95
2025-05-07 16:12:02.727709-03:00,7.226,4.84,20.04
2025-05-07 16:27:02.727709-03:00,7.266,3.6,20.3
2025-05-07 16:42:02.727709-03:00,7.179,3.73,20.07
2025-05-07 16:57:02.727709-03:00,7.269,4.18,20.38
2025-05-07 17:12:02.727709-03:00,7.172,4.65,19.92
2025-05-07 17:27:02.727709-03:00,7.275,4.24,20.04
2025-05-07 17:42:02.727709-03:00,7.205,5.38,19.76
2025-05-07 17:57:02.727709-03:00,7.157,3.96,20.52
2025-05-07 18:12:02.727709-03:00,7.118,4.13,19.97
2025-05-07 18:27:02.727709-03:00,7.185,4.14,20.18
2025-05-07 18:42:02.727709-03:00,7.187,4.72,20.12
2025-05-07 18:57:02.727709-03:00,7.243,4.25,19.94
2025-05-07 19:12:02.727709-03:00,7.194,3.94,19.83
2025-05-07 19:27:02.727709-03:00,7.178,3.53,20.17
2025-05-07 19:42:02.727709-03:00,7.254,4.12,20.08
2025-05-07 19:57:02.727709-03:00,7.189,4.7,20.22
2025-05-07 20:12:02.727709-03:00,7.171,3.79,20.45
2025-05-07 20:27:02.727709-03:00,7.229,4.26,20.41
2025-05-07 20:42:02.727709-03:00,7.176,4.12,20.55
2025-05-07 20:57:02.727709-03:00,7.233,4.43,20.6
2025-05-07 21:12:02.727709-03:00,7.17,3.6,20.37
2025-05-07 21:27:02.727709-03:00,7.189,5.17,21.04
2025-05-07 21:42:02.727709-03:00,7.208,3.36,21.1
2025-05-07 21:57:02.727709-03:00,7.181,3.82,20.75
2025-05-07 22:12:02.727709-03:00,7.199,4.47,21.19
2025-05-07 22:27:02.727709-03:00,7.241,4.15,21.08
2025-05-07 22:42:02.727709-03:00,7.221,4.41,21.18
2025-05-07 22:57:02.727709-03:00,7.224,3.75,21.46
2025-05-07 23:12:02.727709-03:00,7.168,3.96,21.93
2025-05-07 23:27:02.727709-03:00,7.243,4.01,21.92
2025-05-07 23:42:02.727709-03:00,7.233,4.78,21.96
2025-05-07 23:57:02.727709-03:00,7.25,4.35,21.74
2025-05-08 00:12:02.727709-03:00,7.164,4.4,22.62
2025-05-08 00:27:02.727709-03:00,7.191,3.67,22.41
2025-05-08 00:42:02.727709-03:00,7.232,4.48,21.89
2025-05-08 00:57:02.727709-03:00,7.17,4.11,22.57
2025-05-08 01:12:02.727709-03:00,7.189,4.69,22.52
2025-05-08 01:27:02.727709-03:00,7.296,5.01,22.82
2025-05-08 01:42:02.727709-03:00,7.298,3.85,22.94
2025-05-08 01:57:02.727709-03:00,7.262,3.8,22.79
2025-05-08 02:12:02.727709-03:00,7.247,3.57,23.45
2025-05-08 02:27:02.727709-03:00,7.149,3.93,23.24
2025-05-08 02:42:02.727709-03:00,7.226,3.81,23.49
2025-05-08 02:57:02.727709-03:00,7.182,4.18,23.67
2025-05-08 03:12:02.727709-03:00,7.147,3.93,23.34
2025-05-08 03:27:02.727709-03:00,7.175,3.82,23.39
2025-05-08 03:42:02.727709-03:00,7.206,4.53,23.87
2025-05-08 03:57:02.727709-03:00,7.173,3.53,24.0
2025-05-08 04:12:02.727709-03:00,7.172,4.22,23.51
2025-05-08 04:27:02.727709-03:00,7.24,3.8,24.24
2025-05-08 04:42:02.727709-03:00,7.207,4.36,23.84
2025-05-08 04:57:02.727709-03:00,7.212,4.69,24.06
2025-05-08 05:12:02.727709-03:00,7.206,3.85,24.07
2025-05-08 05:27:02.727709-03:00,7.166,4.22,23.79
2025-05-08 05:42:02.727709-03:00,7.131,4.09,23.82
2025-05-08 05:57:02.727709-03:00,7.216,3.6,23.58
2025-05-08 06:12:02.727709-03:00,7.175,4.12,23.77
2025-05-08 06:27:02.727709-03:00,7.099,4.14,23.69
2025-05-08 06:42:02.727709-03:00,7.18,4.21,23.97
2025-05-08 06:57:02.727709-03:00,7.145,3.9,24.21
2025-05-08 07:12:02.727709-03:00,7.235,4.05,23.9
2025-05-08 07:27:02.727709-03:00,7.226,3.43,23.93
2025-05-08 07:42:02.727709-03:00,7.225,3.82,23.96
2025-05-08 07:57:02.727709-03:00,7.167,4.28,23.88
2025-05-08 08:12:02.727709-03:00,7.237,4.45,23.6
2025-05-08 08:27:02.727709-03:00,7.216,3.79,23.31
2025-05-08 08:42:02.727709-03:00,7.18,4.05,23.43
2025-05-08 08:57:02.727709-03:00,7.177,4.11,23.45
2025-05-08 09:12:02.727709-03:00,7.245,4.1,23.16
2025-05-08 09:27:02.727709-03:00,7.176,4.27,23.31
2025-05-08 09:42:02.727709-03:00,7.215,3.09,23.07
2025-05-08 09:57:02.727709-03:00,7.252,3.98,23.15
2025-05-08 10:12:02.727709-03:00,7.295,4.12,22.75
2025-05-08 10:27:02.727709-03:00,7.283,3.5,22.61
2025-05-08 10:42:02.727709-03:00,7.245,4.84,23.02
2025-05-08 10:57:02.727709-03:00,7.125,4.08,22.55
2025-05-08 11:12:02.727709-03:00,7.166,4.78,22.53
2025-05-08 11:27:02.727709-03:00,7.173,3.6,22.07
2025-05-08 11:42:02.727709-03:00,7.283,3.55,22.08
2025-05-08 11:57:02.727709-03:00,7.165,4.11,22.16
2025-05-08 12:12:02.727709-03:00,7.219,3.16,22.21
2025-05-08 12:27:02.727709-03:00,7.205,4.11,21.62
2025-05-08 12:42:02.727709-03:00,7.153,4.05,21.47
2025-05-08 12:57:02.727709-03:00,7.219,4.51,21.5
2025-05-08 13:12:02.727709-03:00,7.22,4.35,21.08
2025-05-08 13:27:02.727709-03:00,7.137,3.79,21.25
2025-05-08 13:42:02.727709-03:00,7.261,3.45,21.13
2025-05-08 13:57:02.727709-03:00,7.096,4.86,21.17
2025-05-08 14:12:02.727709-03:00,7.17,3.6,21.19
2025-05-08 14:27:02.727709-03:00,7.249,3.48,20.92
2025-05-08 14:42:02.727709-03:00,7.14,3.46,20.85
2025-05-08 14:57:02.727709-03:00,7.218,4.56,20.61
2025-05-08 15:12:02.727709-03:00,7.135,3.74,20.44
2025-05-08 15:27:02.727709-03:00,7.195,3.62,20.03
2025-05-08 15:42:02.727709-03:00,7.084,4.07,20.17
2025-05-08 15:57:02.727709-03:00,7.158,3.9,20.32
2025-05-08 16:12:02.727709-03:00,7.123,3.66,19.89
2025-05-08 16:27:02.727709-03:00,7.18,4.38,20.21
2025-05-08 16:42:02.727709-03:00,7.179,4.53,20.03
2025-05-08 16:57:02.727709-03:00,7.166,4.49,19.87
2025-05-08 17:12:02.727709-03:00,7.24,4.38,19.95
2025-05-08 17:27:02.727709-03:00,7.156,4.2,20.17
2025-05-08 17:42:02.727709-03:00,7.232,3.11,20.18
2025-05-08 17:57:02.727709-03:00,7.281,4.83,19.61
2025-05-08 18:12:02.727709-03:00,7.207,4.15,19.97
2025-05-08 18:27:02.727709-03:00,7.157,4.3,20.2
2025-05-08 18:42:02.727709-03:00,7.138,4.56,19.98
2025-05-08 18:57:02.727709-03:00,7.165,4.72,20.08
2025-05-08 19:12:02.727709-03:00,7.235,4.21,19.8
2025-05-08 19:27:02.727709-03:00,7.208,4.22,20.05
2025-05-08 19:42:02.727709-03:00,7.247,3.7,20.56
2025-05-08 19:57:02.727709-03:00,7.239,4.02,20.1
2025-05-08 20:12:02.727709-03:00,7.207,3.57,20.03
2025-05-08 20:27:02.727709-03:00,7.224,3.64,20.43
2025-05-08 20:42:02.727709-03:00,7.293,3.55,20.64
2025-05-08 20:57:02.727709-03:00,7.271,3.92,20.81
2025-05-08 21:12:02.727709-03:00,7.185,4.52,20.56
2025-05-08 21:27:02.727709-03:00,7.249,5.59,20.81
2025-05-08 21:42:02.727709-03:00,7.229,4.09,20.98
2025-05-08 21:57:02.727709-03:00,7.257,3.33,21.11
2025-05-08 22:12:02.727709-03:00,7.234,4.63,20.98
2025-05-08 22:27:02.727709-03:00,7.151,3.85,21.55
2025-05-08 22:42:02.727709-03:00,7.119,3.67,21.19
2025-05-08 22:57:02.727709-03:00,7.229,4.1,21.6
2025-05-08 23:12:02.727709-03:00,7.295,3.38,21.58
2025-05-08 23:27:02.727709-03:00,7.161,4.11,21.6
2025-05-08 23:42:02.727709-03:00,7.191,3.96,21.71
2025-05-08 23:57:02.727709-03:00,7.148,4.05,21.86
2025-05-09 00:12:02.727709-03:00,7.259,4.19,22.02
2025-05-09 00:27:02.727709-03:00,7.085,4.03,22.03
2025-05-09 00:42:02.727709-03:00,7.087,4.01,22.5
2025-05-09 00:57:02.727709-03:00,7.219,4.14,22.35
2025-05-09 01:12:02.727709-03:00,7.196,4.21,22.5
2025-05-09 01:27:02.727709-03:00,7.176,3.48,22.84
2025-05-09 01:42:02.727709-03:00,7.185,3.29,22.84
2025-05-09 01:57:02.727709-03:00,7.227,3.97,22.69
2025-05-09 02:12:02.727709-03:00,7.179,3.28,22.9
2025-05-09 02:27:02.727709-03:00,7.145,4.04,23.16
2025-05-09 02:42:02.727709-03:00,7.154,4.47,23.18
2025-05-09 02:57:02.727709-03:00,7.244,4.3,23.55
2025-05-09 03:12:02.727709-03:00,7.174,3.48,23.33
2025-05-09 03:27:02.727709-03:00,7.131,3.57,23.38
2025-05-09 03:42:02.727709-03:00,7.205,4.16,23.45
2025-05-09 03:57:02.727709-03:00,7.225,3.8,23.8
2025-05-09 04:12:02.727709-03:00,7.266,3.84,23.88
2025-05-09 04:27:02.727709-03:00,7.211,4.3,23.5
2025-05-09 04:42:02.727709-03:00,7.167,3.51,24.01
2025-05-09 04:57:02.727709-03:00,7.224,3.8,24.1
2025-05-09 05:12:02.727709-03:00,7.236,3.6,23.62
2025-05-09 05:27:02.727709-03:00,7.198,3.48,23.84
2025-05-09 05:42:02.727709-03:00,7.198,3.57,24.28
2025-05-09 05:57:02.727709-03:00,7.213,4.34,24.2
2025-05-09 06:12:02.727709-03:00,7.197,4.03,24.0
2025-05-09 06:27:02.727709-03:00,7.213,3.56,24.09
2025-05-09 06:42:02.727709-03:00,7.149,3.88,24.39
2025-05-09 06:57:02.727709-03:00,7.142,3.18,24.04
2025-05-09 07:12:02.727709-03:00,7.158,3.63,23.66
2025-05-09 07:27:02.727709-03:00,7.232,5.07,24.13
2025-05-09 07:42:02.727709-03:00,7.213,3.95,23.63
2025-05-09 07:57:02.727709-03:00,7.252,4.37,23.94
2025-05-09 08:12:02.727709-03:00,7.191,3.97,23.81
2025-05-09 08:27:02.727709-03:00,7.143,4.17,23.78
2025-05-09 08:42:02.727709-03:00,7.257,4.33,23.83
2025-05-09 08:57:02.727709-03:00,7.199,3.45,23.14
2025-05-09 09:12:02.727709-03:00,7.264,3.98,23.32
2025-05-09 09:27:02.727709-03:00,7.23,4.79,23.63
2025-05-09 09:42:02.727709-03:00,7.309,3.6,23.33
2025-05-09 09:57:02.727709-03:00,7.189,3.72,23.06
2025-05-09 10:12:02.727709-03:00,7.245,3.85,22.7
2025-05-09 10:27:02.727709-03:00,7.245,4.13,22.81
2025-05-09 10:42:02.727709-03:00,7.172,4.26,22.49
2025-05-09 10:57:02.727709-03:00,7.191,4.63,22.25
2025-05-09 11:12:02.727709-03:00,7.127,4.25,22.53
2025-05-09 11:27:02.727709-03:00,7.123,3.97,22.3
2025-05-09 11:42:02.727709-03:00,7.206,4.63,22.0
2025-05-09 11:57:02.727709-03:00,7.24,4.35,22.11
2025-05-09 12:12:02.727709-03:00,7.232,3.25,21.79
2025-05-09 12:27:02.727709-03:00,7.217,5.26,22.12
2025-05-09 12:42:02.727709-03:00,7.243,4.88,21.63
2025-05-09 12:57:02.727709-03:00,7.171,3.92,21.82
2025-05-09 13:12:02.727709-03:00,7.186,4.19,21.22
2025-05-09 13:27:02.727709-03:00,7.237,4.66,21.38
2025-05-09 13:42:02.727709-03:00,7.222,3.91,21.51
2025-05-09 13:57:02.727709-03:00,7.189,4.37,21.08
2025-05-09 14:12:02.727709-03:00,7.266,4.55,21.14
2025-05-09 14:27:02.727709-03:00,7.135,3.49,20.46
2025-05-09 14:42:02.727709-03:00,7.174,3.7,20.84
2025-05-09 14:57:02.727709-03:00,7.186,4.46,20.61
2025-05-09 15:12:02.727709-03:00,7.241,4.23,20.67
2025-05-09 15:27:02.727709-03:00,7.2,4.46,20.6
2025-05-09 15:42:02.727709-03:00,7.137,3.93,19.9
2025-05-09 15:57:02.727709-03:00,7.226,3.86,20.19
2025-05-09 16:12:02.727709-03:00,7.254,3.0,20.08
2025-05-09 16:27:02.727709-03:00,7.237,3.43,20.19
2025-05-09 16:42:02.727709-03:00,7.231,4.02,19.73
2025-05-09 16:57:02.727709-03:00,7.106,4.41,19.86
2025-05-09 17:12:02.727709-03:00,7.155,4.27,20.24
2025-05-09 17:27:02.727709-03:00,7.224,3.94,20.06
2025-05-09 17:42:02.727709-03:00,7.197,3.86,19.79
2025-05-09 17:57:02.727709-03:00,7.226,4.11,19.95
2025-05-09 18:12:02.727709-03:00,7.137,4.04,20.22
2025-05-09 18:27:02.727709-03:00,7.197,4.7,19.65
2025-05-09 18:42:02.727709-03:00,7.131,4.07,19.99
2025-05-09 18:57:02.727709-03:00,7.102,3.26,20.02
2025-05-09 19:12:02.727709-03:00,7.215,3.36,20.14
2025-05-09 19:27:02.727709-03:00,7.242,4.76,20.24
2025-05-09 19:42:02.727709-03:00,7.212,3.41,20.58
2025-05-09 19:57:02.727709-03:00,7.198,4.38,20.37
2025-05-09 20:12:02.727709-03:00,7.122,3.87,20.21
2025-05-09 20:27:02.727709-03:00,7.25,3.92,20.65
2025-05-09 20:42:02.727709-03:00,7.198,3.93,20.31
2025-05-09 20:57:02.727709-03:00,7.298,4.61,20.65
2025-05-09 21:12:02.727709-03:00,7.247,3.9,20.98
2025-05-09 21:27:02.727709-03:00,7.1,3.98,20.98
2025-05-09 21:42:02.727709-03:00,7.238,3.23,21.03
2025-05-09 21:57:02.727709-03:00,7.13,5.35,20.53
2025-05-09 22:12:02.727709-03:00,7.162,5.52,21.07
2025-05-09 22:27:02.727709-03:00,7.187,5.37,21.09
2025-05-09 22:42:02.727709-03:00,7.195,5.95,21.6
2025-05-09 22:57:02.727709-03:00,7.22,5.28,21.63
2025-05-09 23:12:02.727709-03:00,7.149,5.4,21.64
2025-05-09 23:27:02.727709-03:00,7.142,6.07,21.87
2025-05-09 23:42:02.727709-03:00,7.23,4.47,21.71
2025-05-09 23:57:02.727709-03:00,7.199,5.02,22.1
2025-05-10 00:12:02.727709-03:00,7.209,5.96,22.12
2025-05-10 00:27:02.727709-03:00,7.09,5.72,21.9
2025-05-10 00:42:02.727709-03:00,7.191,5.59,22.43
2025-05-10 00:57:02.727709-03:00,7.155,5.67,22.63
2025-05-10 01:12:02.727709-03:00,7.154,5.41,22.86
2025-05-10 01:27:02.727709-03:00,7.246,6.07,22.85
2025-05-10 01:42:02.727709-03:00,7.145,5.44,23.06
2025-05-10 01:57:02.727709-03:00,7.145,5.37,22.63
2025-05-10 02:12:02.727709-03:00,7.183,5.33,23.01
2025-05-10 02:27:02.727709-03:00,7.223,5.35,23.17
2025-05-10 02:42:02.727709-03:00,7.156,4.67,23.23
2025-05-10 02:57:02.727709-03:00,7.262,5.64,23.38
2025-05-10 03:12:02.727709-03:00,7.272,5.18,23.37
2025-05-10 03:27:02.727709-03:00,7.156,6.16,23.72
2025-05-10 03:42:02.727709-03:00,7.188,5.21,23.45
2025-05-10 03:57:02.727709-03:00,7.161,5.46,23.74
2025-05-10 04:12:02.727709-03:00,7.116,5.37,23.8
2025-05-10 04:27:02.727709-03:00,7.215,4.94,23.87
2025-05-10 04:42:02.727709-03:00,7.237,5.75,23.7
2025-05-10 04:57:02.727709-03:00,7.301,6.2,24.2
2025-05-10 05:12:02.727709-03:00,7.155,5.24,23.91
2025-05-10 05:27:02.727709-03:00,7.267,5.1,23.69
2025-05-10 05:42:02.727709-03:00,7.267,5.07,24.15
2025-05-10 05:57:02.727709-03:00,7.21,4.3,24.0
2025-05-10 06:12:02.727709-03:00,7.23,5.16,23.98
2025-05-10 06:27:02.727709-03:00,7.244,5.38,23.97
2025-05-10 06:42:02.727709-03:00,7.299,5.78,24.05
2025-05-10 06:57:02.727709-03:00,7.224,5.73,23.93
2025-05-10 07:12:02.727709-03:00,7.197,5.04,23.75
2025-05-10 07:27:02.727709-03:00,7.157,5.11,23.57
2025-05-10 07:42:02.727709-03:00,7.215,5.81,23.87
2025-05-10 07:57:02.727709-03:00,7.251,5.16,23.44
2025-05-10 08:12:02.727709-03:00,7.212,4.99,23.9
2025-05-10 08:27:02.727709-03:00,7.161,5.95,23.41
2025-05-10 08:42:02.727709-03:00,7.204,5.77,23.35
2025-05-10 08:57:02.727709-03:00,7.194,5.26,23.24
2025-05-10 09:12:02.727709-03:00,7.213,4.95,23.07
2025-05-10 09:27:02.727709-03:00,7.117,4.24,23.08
2025-05-10 09:42:02.727709-03:00,7.228,5.54,23.08
2025-05-10 09:57:02.727709-03:00,7.23,4.8,22.56
2025-05-10 10:12:02.727709-03:00,7.222,4.27,22.42
2025-05-10 10:27:02.727709-03:00,7.2,6.04,22.65
2025-05-10 10:42:02.727709-03:00,7.11,5.57,22.84
2025-05-10 10:57:02.727709-03:00,7.199,4.68,22.28
2025-05-10 11:12:02.727709-03:00,7.253,4.64,22.4
2025-05-10 11:27:02.727709-03:00,7.157,5.69,22.57
2025-05-10 11:42:02.727709-03:00,7.101,4.81,21.89
2025-05-10 11:57:02.727709-03:00,7.123,5.9,21.94
2025-05-10 12:12:02.727709-03:00,7.216,5.56,21.75
2025-05-10 12:27:02.727709-03:00,7.219,5.52,21.94
2025-05-10 12:42:02.727709-03:00,7.244,5.45,21.73
2025-05-10 12:57:02.727709-03:00,7.197,5.35,21.63
2025-05-10 13:12:02.727709-03:00,7.125,5.69,21.88
2025-05-10 13:27:02.727709-03:00,7.159,5.02,21.58
2025-05-10 13:42:02.727709-03:00,7.241,5.29,21.12
2025-05-10 13:57:02.727709-03:00,7.207,5.63,20.98
2025-05-10 14:12:02.727709-03:00,7.232,5.53,20.62
2025-05-10 14:27:02.727709-03:00,7.222,4.65,20.46
2025-05-10 14:42:02.727709-03:00,7.19,5.0,20.69
2025-05-10 14:57:02.727709-03:00,7.191,5.38,20.34
2025-05-10 15:12:02.727709-03:00,7.293,5.05,20.64
2025-05-10 15:27:02.727709-03:00,7.221,6.14,20.27
2025-05-10 15:42:02.727709-03:00,7.194,5.05,20.24
2025-05-10 15:57:02.727709-03:00,7.223,5.17,19.97
2025-05-10 16:12:02.727709-03:00,7.211,5.63,20.64
2025-05-10 16:27:02.727709-03:00,7.092,5.42,20.31
2025-05-10 16:42:02.727709-03:00,7.233,5.18,19.97
2025-05-10 16:57:02.727709-03:00,7.291,4.87,20.11
2025-05-10 17:12:02.727709-03:00,7.161,5.4,20.31
2025-05-10 17:27:02.727709-03:00,7.273,5.77,19.84
2025-05-10 17:42:02.727709-03:00,7.187,5.49,20.39
2025-05-10 17:57:02.727709-03:00,7.215,4.86,19.79
2025-05-10 18:12:02.727709-03:00,7.254,6.12,19.97
2025-05-10 18:27:02.727709-03:00,7.164,4.53,19.68
2025-05-10 18:42:02.727709-03:00,7.262,4.46,19.53
2025-05-10 18:57:02.727709-03:00,7.139,5.73,20.26
2025-05-10 19:12:02.727709-03:00,7.156,5.36,20.12
2025-05-10 19:27:02.727709-03:00,7.17,4.98,19.8
2025-05-10 19:42:02.727709-03:00,7.233,4.7,19.87
2025-05-10 19:57:02.727709-03:00,7.183,6.41,20.48
2025-05-10 20:12:02.727709-03:00,7.124,5.31,20.29
2025-05-10 20:27:02.727709-03:00,7.189,5.52,20.68
2025-05-10 20:42:02.727709-03:00,7.161,5.41,20.61
2025-05-10 20:57:02.727709-03:00,7.237,5.47,20.55
2025-05-10 21:12:02.727709-03:00,7.183,5.52,20.67
2025-05-10 21:27:02.727709-03:00,7.204,5.62,20.65
2025-05-10 21:42:02.727709-03:00,7.18,5.06,20.89
2025-05-10 21:57:02.727709-03:00,7.222,3.85,20.97
2025-05-10 22:12:02.727709-03:00,7.191,3.13,21.26
2025-05-10 22:27:02.727709-03:00,7.216,3.61,21.18
2025-05-10 22:42:02.727709-03:00,7.07,4.14,21.5
2025-05-10 22:57:02.727709-03:00,7.205,4.52,21.64
2025-05-10 23:12:02.727709-03:00,7.221,4.3,21.62
2025-05-10 23:27:02.727709-03:00,7.19,3.83,21.45
2025-05-10 23:42:02.727709-03:00,7.233,3.37,21.81
2025-05-10 23:57:02.727709-03:00,7.237,2.61,21.59
2025-05-11 00:12:02.727709-03:00,7.265,4.58,21.86
2025-05-11 00:27:02.727709-03:00,7.205,3.71,22.38
2025-05-11 00:42:02.727709-03:00,7.104,3.78,22.46
2025-05-11 00:57:02.727709-03:00,7.086,4.07,22.49
2025-05-11 01:12:02.727709-03:00,7.12,3.3,22.56
2025-05-11 01:27:02.727709-03:00,7.198,3.83,22.59
2025-05-11 01:42:02.727709-03:00,7.192,5.01,22.76
2025-05-11 01:57:02.727709-03:00,7.214,4.25,23.17
2025-05-11 02:12:02.727709-03:00,7.169,4.18,23.18
2025-05-11 02:27:02.727709-03:00,7.163,3.21,22.92
2025-05-11 02:42:02.727709-03:00,7.228,5.12,23.34
2025-05-11 02:57:02.727709-03:00,7.233,3.29,23.42
2025-05-11 03:12:02.727709-03:00,7.187,4.96,23.82
2025-05-11 03:27:02.727709-03:00,7.198,2.94,23.22
2025-05-11 03:42:02.727709-03:00,7.22,4.7,23.49
2025-05-11 03:57:02.727709-03:00,7.225,4.81,23.91
2025-05-11 04:12:02.727709-03:00,7.143,3.59,23.56
2025-05-11 04:27:02.727709-03:00,7.164,4.21,24.31
2025-05-11 04:42:02.727709-03:00,7.138,4.27,23.65
2025-05-11 04:57:02.727709-03:00,7.175,3.59,23.93
2025-05-11 05:12:02.727709-03:00,7.241,3.28,24.07
2025-05-11 05:27:02.727709-03:00,7.227,3.34,24.16
2025-05-11 05:42:02.727709-03:00,7.145,4.27,24.14
2025-05-11 05:57:02.727709-03:00,7.226,3.96,23.91
2025-05-11 06:12:02.727709-03:00,7.204,3.72,24.18
2025-05-11 06:27:02.727709-03:00,7.175,4.48,23.84
2025-05-11 06:42:02.727709-03:00,7.13,4.25,23.86
2025-05-11 06:57:02.727709-03:00,7.191,3.62,24.03
2025-05-11 07:12:02.727709-03:00,7.234,3.4,24.2
2025-05-11 07:27:02.727709-03:00,7.092,4.26,23.81
2025-05-11 07:42:02.727709-03:00,7.18,3.73,23.63
2025-05-11 07:57:02.727709-03:00,7.313,4.05,23.99
2025-05-11 08:12:02.727709-03:00,7.234,4.79,23.42
2025-05-11 08:27:02.727709-03:00,7.213,4.25,23.97
2025-05-11 08:42:02.727709-03:00,7.163,3.57,23.32
2025-05-11 08:57:02.727709-03:00,7.166,4.08,23.56
2025-05-11 09:12:02.727709-03:00,7.196,3.52,23.52
2025-05-11 09:27:02.727709-03:00,7.28,4.8,23.4
2025-05-11 09:42:02.727709-03:00,7.223,3.72,23.18
2025-05-11 09:57:02.727709-03:00,7.156,4.1,23.03
2025-05-11 10:12:02.727709-03:00,7.259,4.15,22.58
2025-05-11 10:27:02.727709-03:00,7.185,4.08,22.63
2025-05-11 10:42:02.727709-03:00,7.285,3.02,22.81
2025-05-11 10:57:02.727709-03:00,7.172,3.28,22.68
2025-05-11 11:12:02.727709-03:00,7.15,3.77,22.21
2025-05-11 11:27:02.727709-03:00,7.209,4.16,22.36
2025-05-11 11:42:02.727709-03:00,7.249,3.93,22.21
2025-05-11 11:57:02.727709-03:00,7.252,3.52,22.38
2025-05-11 12:12:02.727709-03:00,7.208,3.33,21.81
2025-05-11 12:27:02.727709-03:00,7.151,3.8,21.66
2025-05-11 12:42:02.727709-03:00,7.175,3.77,21.45
2025-05-11 12:57:02.727709-03:00,7.099,4.26,21.31
2025-05-11 13:12:02.727709-03:00,7.154,3.84,21.46
2025-05-11 13:27:02.727709-03:00,7.191,4.3,21.12
2025-05-11 13:42:02.727709-03:00,7.219,3.7,21.35
2025-05-11 13:57:02.727709-03:00,7.183,3.87,20.9
2025-05-11 14:12:02.727709-03:00,7.197,3.83,21.22
2025-05-11 14:27:02.727709-03:00,7.18,3.61,20.89
2025-05-11 14:42:02.727709-03:00,7.238,4.31,20.75
2025-05-11 14:57:02.727709-03:00,7.155,3.59,20.37
2025-05-11 15:12:02.727709-03:00,7.242,3.74,20.58
2025-05-11 15:27:02.727709-03:00,7.298,3.96,20.44
2025-05-11 15:42:02.727709-03:00,7.224,3.35,20.48
2025-05-11 15:57:02.727709-03:00,7.174,3.84,20.18
2025-05-11 16:12:02.727709-03:00,7.173,3.64,19.93
2025-05-11 16:27:02.727709-03:00,7.26,3.81,20.22
2025-05-11 16:42:02.727709-03:00,7.144,3.97,20.14
2025-05-11 16:57:02.727709-03:00,7.152,3.6,20.12
2025-05-11 17:12:02.727709-03:00,7.142,3.89,20.24
2025-05-11 17:27:02.727709-03:00,7.136,4.65,19.83
2025-05-11 17:42:02.727709-03:00,7.148,3.99,19.53
2025-05-11 17:57:02.727709-03:00,7.239,4.57,20.1
2025-05-11 18:12:02.727709-03:00,7.255,4.17,20.08
2025-05-11 18:27:02.727709-03:00,7.165,4.39,19.92
2025-05-11 18:42:02.727709-03:00,7.21,3.61,20.07
2025-05-11 18:57:02.727709-03:00,7.238,4.05,19.85
2025-05-11 19:12:02.727709-03:00,7.205,4.07,19.68
2025-05-11 19:27:02.727709-03:00,7.152,3.69,19.8
2025-05-11 19:42:02.727709-03:00,7.126,3.59,20.2
2025-05-11 19:57:02.727709-03:00,7.251,3.25,20.53
2025-05-11 20:12:02.727709-03:00,7.225,4.75,20.24
2025-05-11 20:27:02.727709-03:00,7.229,3.51,20.56
2025-05-11 20:42:02.727709-03:00,7.145,4.67,20.36
2025-05-11 20:57:02.727709-03:00,7.212,3.77,20.56
2025-05-11 21:12:02.727709-03:00,7.231,3.57,20.82
2025-05-11 21:27:02.727709-03:00,7.216,4.31,20.79
2025-05-11 21:42:02.727709-03:00,7.163,3.68,20.76
2025-05-11 21:57:02.727709-03:00,7.251,4.28,20.8
2025-05-11 22:12:02.727709-03:00,7.124,3.83,21.07
2025-05-11 22:27:02.727709-03:00,7.246,4.24,21.45
2025-05-11 22:42:02.727709-03:00,7.254,3.52,21.02
2025-05-11 22:57:02.727709-03:00,7.279,4.42,21.63
2025-05-11 23:12:02.727709-03:00,7.183,4.24,21.64
2025-05-11 23:27:02.727709-03:00,7.15,3.54,21.52
2025-05-11 23:42:02.727709-03:00,7.24,5.32,21.84
2025-05-11 23:57:02.727709-03:00,7.165,4.27,21.93
2025-05-12 00:12:02.727709-03:00,7.202,5.15,21.92
2025-05-12 00:27:02.727709-03:00,7.184,4.8,22.13
2025-05-12 00:42:02.727709-03:00,7.155,3.91,22.11
2025-05-12 00:57:02.727709-03:00,7.216,3.79,22.08
2025-05-12 01:12:02.727709-03:00,7.13,3.8,22.65
2025-05-12 01:27:02.727709-03:00,7.23,3.08,22.95
2025-05-12 01:42:02.727709-03:00,7.152,3.65,23.19
2025-05-12 01:57:02.727709-03:00,7.113,4.12,22.75
2025-05-12 02:12:02.727709-03:00,7.197,4.76,23.52
2025-05-12 02:27:02.727709-03:00,7.222,3.61,23.5
2025-05-12 02:42:02.727709-03:00,7.229,4.44,23.58
2025-05-12 02:57:02.727709-03:00,7.241,3.37,23.24
2025-05-12 03:12:02.727709-03:00,7.082,3.71,23.37
2025-05-12 03:27:02.727709-03:00,7.15,3.77,23.18
2025-05-12 03:42:02.727709-03:00,7.205,4.19,23.69
2025-05-12 03:57:02.727709-03:00,7.276,4.23,23.64
2025-05-12 04:12:02.727709-03:00,7.239,4.48,23.81
2025-05-12 04:27:02.727709-03:00,7.295,4.39,23.67
2025-05-12 04:42:02.727709-03:00,7.174,4.12,24.02
2025-05-12 04:57:02.727709-03:00,7.214,4.2,23.99
2025-05-12 05:12:02.727709-03:00,7.145,4.79,23.73
2025-05-12 05:27:02.727709-03:00,7.18,3.74,23.97
2025-05-12 05:42:02.727709-03:00,7.163,4.39,24.05
2025-05-12 05:57:02.727709-03:00,7.168,3.1,24.4
2025-05-12 06:12:02.727709-03:00,7.18,4.21,24.02
2025-05-12 06:27:02.727709-03:00,7.2,3.76,23.8
2025-05-12 06:42:02.727709-03:00,7.201,4.0,23.9
2025-05-12 06:57:02.727709-03:00,7.227,4.52,23.93
2025-05-12 07:12:02.727709-03:00,7.207,4.08,23.88
2025-05-12 07:27:02.727709-03:00,7.183,4.44,23.49
2025-05-12 07:42:02.727709-03:00,7.174,4.74,23.74
2025-05-12 07:57:02.727709-03:00,7.185,4.19,23.61
2025-05-12 08:12:02.727709-03:00,7.178,4.59,23.63
2025-05-12 08:27:02.727709-03:00,7.225,3.84,24.03
2025-05-12 08:42:02.727709-03:00,7.243,4.0,23.35
2025-05-12 08:57:02.727709-03:00,7.264,3.74,23.72
2025-05-12 09:12:02.727709-03:00,7.16,4.52,23.57
2025-05-12 09:27:02.727709-03:00,7.223,4.21,23.37
2025-05-12 09:42:02.727709-03:00,7.13,3.75,23.13
2025-05-12 09:57:02.727709-03:00,7.219,4.08,23.15
2025-05-12 10:12:02.727709-03:00,7.254,4.52,22.82
2025-05-12 10:27:02.727709-03:00,7.193,3.98,22.68
2025-05-12 10:42:02.727709-03:00,7.254,3.53,22.52
2025-05-12 10:57:02.727709-03:00,7.143,4.07,22.6
2025-05-12 11:12:02.727709-03:00,7.156,3.01,22.37
2025-05-12 11:27:02.727709-03:00,7.193,4.38,22.24
2025-05-12 11:42:02.727709-03:00,7.251,3.79,22.44
2025-05-12 11:57:02.727709-03:00,7.179,3.77,21.89
2025-05-12 12:12:02.727709-03:00,7.177,4.44,22.04
2025-05-12 12:27:02.727709-03:00,7.15,3.32,21.66
2025-05-12 12:42:02.727709-03:00,7.21,4.97,21.32
2025-05-12 12:57:02.727709-03:00,7.262,3.76,21.22
2025-05-12 13:12:02.727709-03:00,7.235,3.74,21.28
2025-05-12 13:27:02.727709-03:00,7.235,4.51,21.38
2025-05-12 13:42:02.727709-03:00,7.19,4.35,21.27
2025-05-12 13:57:02.727709-03:00,7.172,5.23,20.97
2025-05-12 14:12:02.727709-03:00,7.234,3.89,21.03
2025-05-12 14:27:02.727709-03:00,7.198,3.94,20.82
2025-05-12 14:42:02.727709-03:00,7.191,3.26,20.65
2025-05-12 14:57:02.727709-03:00,7.245,3.83,20.78
2025-05-12 15:12:02.727709-03:00,7.19,3.64,20.75
2025-05-12 15:27:02.727709-03:00,7.158,3.78,20.63
2025-05-12 15:42:02.727709-03:00,7.245,3.13,20.29
2025-05-12 15:57:02.727709-03:00,7.204,4.83,20.39
2025-05-12 16:12:02.727709-03:00,7.148,3.29,19.79
2025-05-12 16:27:02.727709-03:00,7.144,2.6,20.2
2025-05-12 16:42:02.727709-03:00,7.205,3.41,20.19
2025-05-12 16:57:02.727709-03:00,7.317,3.7,20.11
2025-05-12 17:12:02.727709-03:00,7.18,3.43,20.0
2025-05-12 17:27:02.727709-03:00,7.183,4.55,20.28
2025-05-12 17:42:02.727709-03:00,7.276,3.93,19.99
2025-05-12 17:57:02.727709-03:00,7.197,4.01,19.97
2025-05-12 18:12:02.727709-03:00,7.128,4.31,19.95
2025-05-12 18:27:02.727709-03:00,7.121,4.14,20.22
2025-05-12 18:42:02.727709-03:00,7.261,4.49,19.97
2025-05-12 18:57:02.727709-03:00,7.233,3.45,19.89
2025-05-12 19:12:02.727709-03:00,7.241,3.73,20.08
2025-05-12 19:27:02.727709-03:00,7.197,4.33,20.48
2025-05-12 19:42:02.727709-03:00,7.164,2.73,20.13
2025-05-12 19:57:02.727709-03:00,7.189,3.31,20.38
2025-05-12 20:12:02.727709-03:00,7.207,4.25,20.27
2025-05-12 20:27:02.727709-03:00,7.158,3.76,20.34
2025-05-12 20:42:02.727709-03:00,7.228,4.47,20.37
2025-05-12 20:57:02.727709-03:00,7.137,4.4,20.32
2025-05-12 21:12:02.727709-03:00,7.183,3.4,20.64
2025-05-12 21:27:02.727709-03:00,7.19,4.2,20.91
2025-05-12 21:42:02.727709-03:00,7.165,4.6,21.18
2025-05-12 21:57:02.727709-03:00,7.09,4.07,21.07
